[
  {
    "id": 13,
    "first_name": "Sidoney",
    "last_name": "Leethem",
    "email": "sleethemc@alexa.com",
    "gender": "Female",
    "ip_address": "159.185.8.238",
    "organization": "Bryant Ranch Prepack"
  },
  {
    "id": 16,
    "first_name": "Michael",
    "last_name": "Cowwell",
    "email": "mcowwellf@google.com.br",
    "gender": "Male",
    "ip_address": "164.140.236.113",
    "organization": "Mylan Pharmaceuticals Inc."
  },
  {
    "id": 22,
    "first_name": "Ash",
    "last_name": "Sarre",
    "email": "asarrel@cafepress.com",
    "gender": "Male",
    "ip_address": "183.18.242.89",
    "organization": "Apotheca Company"
  },
  {
    "id": 23,
    "first_name": "Lonnard",
    "last_name": "Cavie",
    "email": "lcaviem@nps.gov",
    "gender": "Male",
    "ip_address": "188.47.196.155",
    "organization": "REMEDYREPACK INC."
  },
  {
    "id": 26,
    "first_name": "Pavlov",
    "last_name": "Seaking",
    "email": "pseakingp@freewebs.com",
    "gender": "Male",
    "ip_address": "138.81.13.25",
    "organization": "Two Hip Consulting, LLC"
  },
  {
    "id": 30,
    "first_name": "Jory",
    "last_name": "Goward",
    "email": "jgowardt@imdb.com",
    "gender": "Male",
    "ip_address": "150.175.211.140",
    "organization": "PD-Rx Pharmaceuticals, Inc."
  },
  {
    "id": 32,
    "first_name": "Gustie",
    "last_name": "Siman",
    "email": "gsimanv@tripod.com",
    "gender": "Female",
    "ip_address": "156.155.57.13",
    "organization": "ALK-Abello, Inc."
  },
  {
    "id": 40,
    "first_name": "Barbabas",
    "last_name": "Vanstone",
    "email": "bvanstone13@reuters.com",
    "gender": "Male",
    "ip_address": "172.146.42.111",
    "organization": "Watson Laboratories, Inc."
  },
  {
    "id": 41,
    "first_name": "Lesley",
    "last_name": "Scane",
    "email": "lscane14@tuttocitta.it",
    "gender": "Female",
    "ip_address": "181.194.109.126",
    "organization": "Atlantic Biologicals Corps"
  },
  {
    "id": 49,
    "first_name": "Maure",
    "last_name": "Mars",
    "email": "mmars1c@bluehost.com",
    "gender": "Female",
    "ip_address": "183.143.163.180",
    "organization": "Deseret Biologicals, Inc"
  },
  {
    "id": 51,
    "first_name": "Loise",
    "last_name": "Cow",
    "email": "lcow1e@dmoz.org",
    "gender": "Female",
    "ip_address": "171.250.236.63",
    "organization": "SHISEIDO AMERICAS CORPORATION"
  },
  {
    "id": 54,
    "first_name": "Darcee",
    "last_name": "Yaakov",
    "email": "dyaakov1h@wunderground.com",
    "gender": "Non-binary",
    "ip_address": "136.104.127.202",
    "organization": "Apotex Corp."
  },
  {
    "id": 57,
    "first_name": "Lira",
    "last_name": "Humbee",
    "email": "lhumbee1k@nifty.com",
    "gender": "Female",
    "ip_address": "188.203.15.227",
    "organization": "Fenwal, Inc."
  },
  {
    "id": 60,
    "first_name": "Jany",
    "last_name": "Prazor",
    "email": "jprazor1n@theguardian.com",
    "gender": "Female",
    "ip_address": "137.20.50.1",
    "organization": "PURMINERALS"
  },
  {
    "id": 67,
    "first_name": "Kitti",
    "last_name": "Heaps",
    "email": "kheaps1u@blogspot.com",
    "gender": "Female",
    "ip_address": "137.210.238.147",
    "organization": "Speer Laboratories, LLC"
  },
  {
    "id": 68,
    "first_name": "Hobart",
    "last_name": "Zecchini",
    "email": "hzecchini1v@walmart.com",
    "gender": "Male",
    "ip_address": "184.54.226.188",
    "organization": "Heel Inc."
  },
  {
    "id": 70,
    "first_name": "Evey",
    "last_name": "Waltho",
    "email": "ewaltho1x@skyrock.com",
    "gender": "Agender",
    "ip_address": "181.216.97.105",
    "organization": "Uriel Pharmacy Inc."
  },
  {
    "id": 80,
    "first_name": "Terence",
    "last_name": "Ollivier",
    "email": "tollivier27@wired.com",
    "gender": "Male",
    "ip_address": "168.246.229.129",
    "organization": "Allergy Laboratories, Inc."
  },
  {
    "id": 83,
    "first_name": "Ogden",
    "last_name": "Rossi",
    "email": "orossi2a@edublogs.org",
    "gender": "Male",
    "ip_address": "153.46.162.126",
    "organization": "Massco Dental A Division of Dunagin Pharmaceuticals"
  },
  {
    "id": 85,
    "first_name": "Arne",
    "last_name": "Ricold",
    "email": "aricold2c@shutterfly.com",
    "gender": "Male",
    "ip_address": "185.253.10.209",
    "organization": "Lorac Cosmetics, Inc."
  },
  {
    "id": 89,
    "first_name": "Tannie",
    "last_name": "Keuning",
    "email": "tkeuning2g@hc360.com",
    "gender": "Male",
    "ip_address": "168.234.250.16",
    "organization": "The Kroger Co."
  },
  {
    "id": 90,
    "first_name": "Sidoney",
    "last_name": "Cleave",
    "email": "scleave2h@quantcast.com",
    "gender": "Female",
    "ip_address": "150.183.108.67",
    "organization": "Lange SAS"
  },
  {
    "id": 91,
    "first_name": "Liza",
    "last_name": "Durn",
    "email": "ldurn2i@tuttocitta.it",
    "gender": "Bigender",
    "ip_address": "186.224.241.106",
    "organization": "Conopco Inc. d/b/a Unilever"
  },
  {
    "id": 92,
    "first_name": "Alexa",
    "last_name": "Layhe",
    "email": "alayhe2j@blogger.com",
    "gender": "Female",
    "ip_address": "168.55.141.35",
    "organization": "Altura Pharmaceuticals, Inc."
  },
  {
    "id": 93,
    "first_name": "Sylvester",
    "last_name": "Whatling",
    "email": "swhatling2k@discovery.com",
    "gender": "Male",
    "ip_address": "138.247.215.216",
    "organization": "UNOCOS CO., LTD."
  },
  {
    "id": 99,
    "first_name": "Clair",
    "last_name": "Steggals",
    "email": "csteggals2q@google.cn",
    "gender": "Agender",
    "ip_address": "170.215.251.145",
    "organization": "Walgreen Company"
  },
  {
    "id": 100,
    "first_name": "Evanne",
    "last_name": "Evitts",
    "email": "eevitts2r@domainmarket.com",
    "gender": "Female",
    "ip_address": "144.95.53.44",
    "organization": "Johnson & Johnson Consumer Products Company, Division of Johnson & Johnson Consumer Companies, Inc."
  },
  {
    "id": 103,
    "first_name": "Anselm",
    "last_name": "Ashforth",
    "email": "aashforth2u@amazon.co.uk",
    "gender": "Male",
    "ip_address": "177.197.171.31",
    "organization": "Rebel Distributors Corp"
  },
  {
    "id": 105,
    "first_name": "Innis",
    "last_name": "Crigin",
    "email": "icrigin2w@nps.gov",
    "gender": "Male",
    "ip_address": "144.171.72.215",
    "organization": "Elcure Co., Ltd."
  },
  {
    "id": 106,
    "first_name": "Hailey",
    "last_name": "Charge",
    "email": "hcharge2x@accuweather.com",
    "gender": "Male",
    "ip_address": "146.169.67.62",
    "organization": "Mycone Dental Supply Co., Inc DBA Keystone Industries and Deepak Products Inc."
  },
  {
    "id": 111,
    "first_name": "Francklyn",
    "last_name": "Kennermann",
    "email": "fkennermann32@ustream.tv",
    "gender": "Non-binary",
    "ip_address": "164.187.223.114",
    "organization": "Darby Dental Supply, LLC"
  },
  {
    "id": 113,
    "first_name": "Hans",
    "last_name": "Bakey",
    "email": "hbakey34@earthlink.net",
    "gender": "Male",
    "ip_address": "178.140.138.128",
    "organization": "Macleods Pharmaceuticals Limited"
  },
  {
    "id": 114,
    "first_name": "Sidney",
    "last_name": "Kleinschmidt",
    "email": "skleinschmidt35@adobe.com",
    "gender": "Male",
    "ip_address": "133.108.145.208",
    "organization": "ALK-Abello, Inc."
  },
  {
    "id": 115,
    "first_name": "Deck",
    "last_name": "Buckleigh",
    "email": "dbuckleigh36@typepad.com",
    "gender": "Male",
    "ip_address": "131.122.249.216",
    "organization": "Western Family Foods, Inc."
  },
  {
    "id": 120,
    "first_name": "Norma",
    "last_name": "Kilmartin",
    "email": "nkilmartin3b@infoseek.co.jp",
    "gender": "Female",
    "ip_address": "167.170.120.6",
    "organization": "PurKlenz Formulations Inc."
  },
  {
    "id": 128,
    "first_name": "Kurtis",
    "last_name": "Kellie",
    "email": "kkellie3j@samsung.com",
    "gender": "Male",
    "ip_address": "132.141.200.107",
    "organization": "Dolgencorp, LLC"
  },
  {
    "id": 137,
    "first_name": "Averil",
    "last_name": "Rookledge",
    "email": "arookledge3s@sciencedaily.com",
    "gender": "Female",
    "ip_address": "178.76.77.124",
    "organization": "NATURE REPUBLIC CO., LTD."
  },
  {
    "id": 146,
    "first_name": "Thedrick",
    "last_name": "Dine-Hart",
    "email": "tdinehart41@tuttocitta.it",
    "gender": "Male",
    "ip_address": "171.23.94.234",
    "organization": "Allermed Laboratories, Inc."
  },
  {
    "id": 149,
    "first_name": "Junie",
    "last_name": "Thies",
    "email": "jthies44@w3.org",
    "gender": "Female",
    "ip_address": "149.60.54.251",
    "organization": "AMI Cosmetic Co.,Ltd."
  },
  {
    "id": 150,
    "first_name": "Jamaal",
    "last_name": "Feathers",
    "email": "jfeathers45@ovh.net",
    "gender": "Male",
    "ip_address": "137.175.165.36",
    "organization": "McKesson Packaging Services a business unit of McKesson Corporation"
  },
  {
    "id": 151,
    "first_name": "Omar",
    "last_name": "Norwell",
    "email": "onorwell46@zimbio.com",
    "gender": "Non-binary",
    "ip_address": "163.20.249.42",
    "organization": "AvKARE, Inc."
  },
  {
    "id": 152,
    "first_name": "Freddie",
    "last_name": "Oughton",
    "email": "foughton47@is.gd",
    "gender": "Male",
    "ip_address": "144.254.121.3",
    "organization": "China Ningbo Shangge Cosmetic Technology Corp"
  },
  {
    "id": 154,
    "first_name": "Malorie",
    "last_name": "Romagnosi",
    "email": "mromagnosi49@theguardian.com",
    "gender": "Female",
    "ip_address": "191.222.175.180",
    "organization": "Mallinckrodt Inc."
  },
  {
    "id": 158,
    "first_name": "Janela",
    "last_name": "Pauli",
    "email": "jpauli4d@163.com",
    "gender": "Female",
    "ip_address": "183.75.79.63",
    "organization": "NATURE REPUBLIC CO., LTD."
  },
  {
    "id": 162,
    "first_name": "Maudie",
    "last_name": "Youel",
    "email": "myouel4h@jiathis.com",
    "gender": "Female",
    "ip_address": "188.243.116.225",
    "organization": "American Sales Company"
  },
  {
    "id": 170,
    "first_name": "Derron",
    "last_name": "Ovenell",
    "email": "dovenell4p@usda.gov",
    "gender": "Male",
    "ip_address": "144.193.29.28",
    "organization": "Kroger Company"
  },
  {
    "id": 172,
    "first_name": "Fritz",
    "last_name": "Cuttle",
    "email": "fcuttle4r@about.me",
    "gender": "Male",
    "ip_address": "160.217.111.41",
    "organization": "Bryant Ranch Prepack"
  },
  {
    "id": 173,
    "first_name": "Avie",
    "last_name": "Baline",
    "email": "abaline4s@columbia.edu",
    "gender": "Female",
    "ip_address": "150.98.202.247",
    "organization": "INNOVATION SPECIALTIES"
  },
  {
    "id": 175,
    "first_name": "Stormie",
    "last_name": "Morgans",
    "email": "smorgans4u@fc2.com",
    "gender": "Female",
    "ip_address": "129.134.171.98",
    "organization": "Tarte Inc"
  },
  {
    "id": 178,
    "first_name": "Lil",
    "last_name": "Sonschein",
    "email": "lsonschein4x@tamu.edu",
    "gender": "Female",
    "ip_address": "185.206.33.173",
    "organization": "AMERICAN SALES COMPANY"
  },
  {
    "id": 179,
    "first_name": "Ellynn",
    "last_name": "Videler",
    "email": "evideler4y@trellian.com",
    "gender": "Female",
    "ip_address": "152.207.16.228",
    "organization": "Stat Rx USA"
  },
  {
    "id": 182,
    "first_name": "Bourke",
    "last_name": "Shakesby",
    "email": "bshakesby51@lycos.com",
    "gender": "Male",
    "ip_address": "136.86.195.120",
    "organization": "Allergan, Inc."
  },
  {
    "id": 184,
    "first_name": "Beryl",
    "last_name": "Straniero",
    "email": "bstraniero53@home.pl",
    "gender": "Female",
    "ip_address": "162.42.168.207",
    "organization": "Antigen Laboratories, Inc."
  },
  {
    "id": 193,
    "first_name": "Parnell",
    "last_name": "Benko",
    "email": "pbenko5c@fda.gov",
    "gender": "Male",
    "ip_address": "148.142.253.242",
    "organization": "Home Sweet Homeopathics"
  },
  {
    "id": 202,
    "first_name": "Laverne",
    "last_name": "Gaynes",
    "email": "lgaynes5l@quantcast.com",
    "gender": "Female",
    "ip_address": "156.111.235.108",
    "organization": "Amerisource Bergen"
  },
  {
    "id": 204,
    "first_name": "Wyatt",
    "last_name": "Issett",
    "email": "wissett5n@qq.com",
    "gender": "Male",
    "ip_address": "185.137.112.0",
    "organization": "Medimetriks Pharmaceuticals, Inc."
  },
  {
    "id": 206,
    "first_name": "Raphaela",
    "last_name": "Huguenet",
    "email": "rhuguenet5p@t-online.de",
    "gender": "Female",
    "ip_address": "185.209.137.34",
    "organization": "QUALITY CHOICE (Chain Drug Marketing Association)"
  },
  {
    "id": 207,
    "first_name": "Findley",
    "last_name": "Daintrey",
    "email": "fdaintrey5q@cbslocal.com",
    "gender": "Male",
    "ip_address": "147.29.109.196",
    "organization": "SAVE-A-LOT FOOD STORES, LTD."
  },
  {
    "id": 208,
    "first_name": "Danna",
    "last_name": "Nouch",
    "email": "dnouch5r@merriam-webster.com",
    "gender": "Female",
    "ip_address": "172.141.189.170",
    "organization": "Forest Laboratories, Inc."
  },
  {
    "id": 215,
    "first_name": "Kaleb",
    "last_name": "O'Gready",
    "email": "kogready5y@pagesperso-orange.fr",
    "gender": "Male",
    "ip_address": "161.100.1.70",
    "organization": "Praxair Distribution, Inc."
  },
  {
    "id": 216,
    "first_name": "Jo-ann",
    "last_name": "Corden",
    "email": "jcorden5z@tumblr.com",
    "gender": "Female",
    "ip_address": "159.63.118.174",
    "organization": "Procter & Gamble Manufacturing Company"
  },
  {
    "id": 225,
    "first_name": "Vi",
    "last_name": "Drewes",
    "email": "vdrewes68@yahoo.co.jp",
    "gender": "Female",
    "ip_address": "144.86.95.68",
    "organization": "Elizabeth Arden, Inc"
  },
  {
    "id": 231,
    "first_name": "Jarret",
    "last_name": "Tomkiss",
    "email": "jtomkiss6e@etsy.com",
    "gender": "Male",
    "ip_address": "175.31.110.83",
    "organization": "Rebel Distributors Corp"
  },
  {
    "id": 233,
    "first_name": "Goldarina",
    "last_name": "Oger",
    "email": "goger6g@bluehost.com",
    "gender": "Bigender",
    "ip_address": "144.244.205.174",
    "organization": "BCM Cosmetique SAS"
  },
  {
    "id": 234,
    "first_name": "Kylie",
    "last_name": "Pesak",
    "email": "kpesak6h@elegantthemes.com",
    "gender": "Bigender",
    "ip_address": "135.204.95.238",
    "organization": "ProPhase Labs, Inc."
  },
  {
    "id": 236,
    "first_name": "Merry",
    "last_name": "Rozalski",
    "email": "mrozalski6j@mac.com",
    "gender": "Male",
    "ip_address": "136.48.109.185",
    "organization": "Carilion Materials Management"
  },
  {
    "id": 251,
    "first_name": "Roana",
    "last_name": "Levens",
    "email": "rlevens6y@paypal.com",
    "gender": "Female",
    "ip_address": "168.159.100.144",
    "organization": "AuroMedics Pharma LLC"
  },
  {
    "id": 252,
    "first_name": "Booth",
    "last_name": "Brahan",
    "email": "bbrahan6z@ucoz.com",
    "gender": "Male",
    "ip_address": "159.235.44.229",
    "organization": "DOLGENCORP INC."
  },
  {
    "id": 254,
    "first_name": "Darius",
    "last_name": "Dumpleton",
    "email": "ddumpleton71@goo.ne.jp",
    "gender": "Male",
    "ip_address": "172.114.192.69",
    "organization": "PD-Rx Pharmaceuticals, Inc."
  },
  {
    "id": 257,
    "first_name": "Frank",
    "last_name": "Deacock",
    "email": "fdeacock74@wp.com",
    "gender": "Male",
    "ip_address": "145.123.201.177",
    "organization": "Bolero Home Decor, Inc."
  },
  {
    "id": 258,
    "first_name": "Desiree",
    "last_name": "Purseglove",
    "email": "dpurseglove75@google.co.jp",
    "gender": "Female",
    "ip_address": "138.102.167.197",
    "organization": "DUKAL CORPORATION"
  },
  {
    "id": 259,
    "first_name": "Sean",
    "last_name": "Painswick",
    "email": "spainswick76@cafepress.com",
    "gender": "Female",
    "ip_address": "187.98.20.226",
    "organization": "BioActive Nutritional, Inc."
  },
  {
    "id": 260,
    "first_name": "Ursuline",
    "last_name": "Kobu",
    "email": "ukobu77@columbia.edu",
    "gender": "Female",
    "ip_address": "159.11.142.59",
    "organization": "PJ Noyes Co. Inc."
  },
  {
    "id": 262,
    "first_name": "Anatola",
    "last_name": "Leitch",
    "email": "aleitch79@last.fm",
    "gender": "Genderqueer",
    "ip_address": "128.51.95.20",
    "organization": "Aidance Skincare & Topical Solutions, LLC"
  },
  {
    "id": 263,
    "first_name": "Arlen",
    "last_name": "Ranyelld",
    "email": "aranyelld7a@whitehouse.gov",
    "gender": "Female",
    "ip_address": "173.11.188.77",
    "organization": "Dolgencorp LLC"
  },
  {
    "id": 269,
    "first_name": "Meyer",
    "last_name": "Poynor",
    "email": "mpoynor7g@facebook.com",
    "gender": "Male",
    "ip_address": "128.12.229.208",
    "organization": "Procter and Gamble Manufacturing Company"
  },
  {
    "id": 271,
    "first_name": "Lanae",
    "last_name": "Etridge",
    "email": "letridge7i@deviantart.com",
    "gender": "Female",
    "ip_address": "147.127.5.188",
    "organization": "CLINIQUE LABORATORIES INC."
  },
  {
    "id": 272,
    "first_name": "Boone",
    "last_name": "Pauncefort",
    "email": "bpauncefort7j@hugedomains.com",
    "gender": "Male",
    "ip_address": "173.121.123.179",
    "organization": "WG Critical Care, LLC"
  },
  {
    "id": 291,
    "first_name": "Cahra",
    "last_name": "Sollner",
    "email": "csollner82@army.mil",
    "gender": "Female",
    "ip_address": "179.153.131.109",
    "organization": "Cantrell Drug Company"
  },
  {
    "id": 297,
    "first_name": "Jennette",
    "last_name": "Leipoldt",
    "email": "jleipoldt88@ihg.com",
    "gender": "Female",
    "ip_address": "173.38.76.225",
    "organization": "Sohm Inc."
  },
  {
    "id": 305,
    "first_name": "Orson",
    "last_name": "Lannin",
    "email": "olannin8g@weebly.com",
    "gender": "Male",
    "ip_address": "168.122.234.231",
    "organization": "E. Fougera & Co., a division of Fougera Pharmaceuticals Inc."
  },
  {
    "id": 309,
    "first_name": "Conchita",
    "last_name": "Westwood",
    "email": "cwestwood8k@addtoany.com",
    "gender": "Female",
    "ip_address": "188.157.89.55",
    "organization": "REMEDYREPACK INC."
  },
  {
    "id": 319,
    "first_name": "Dania",
    "last_name": "Farrar",
    "email": "dfarrar8u@live.com",
    "gender": "Female",
    "ip_address": "166.50.123.220",
    "organization": "Topco Associates LLC"
  },
  {
    "id": 323,
    "first_name": "Auguste",
    "last_name": "Glasscott",
    "email": "aglasscott8y@so-net.ne.jp",
    "gender": "Genderqueer",
    "ip_address": "170.133.47.158",
    "organization": "PD-Rx Pharmaceuticals, Inc."
  },
  {
    "id": 338,
    "first_name": "Terri-jo",
    "last_name": "Hinchcliffe",
    "email": "thinchcliffe9d@mapy.cz",
    "gender": "Female",
    "ip_address": "131.117.67.70",
    "organization": "Velocity Pharma"
  },
  {
    "id": 339,
    "first_name": "Jodi",
    "last_name": "Petow",
    "email": "jpetow9e@pagesperso-orange.fr",
    "gender": "Polygender",
    "ip_address": "144.242.131.138",
    "organization": "MSD Consumer Care, Inc."
  },
  {
    "id": 342,
    "first_name": "Ignace",
    "last_name": "Horbath",
    "email": "ihorbath9h@chicagotribune.com",
    "gender": "Male",
    "ip_address": "146.213.163.51",
    "organization": "Newton Laboratories, Inc."
  },
  {
    "id": 351,
    "first_name": "Isaak",
    "last_name": "Hurrell",
    "email": "ihurrell9q@shinystat.com",
    "gender": "Male",
    "ip_address": "187.126.190.237",
    "organization": "Sesvalia USA LLC"
  },
  {
    "id": 353,
    "first_name": "Florence",
    "last_name": "Avramovic",
    "email": "favramovic9s@ted.com",
    "gender": "Female",
    "ip_address": "158.92.15.210",
    "organization": "L Perrigo Company"
  },
  {
    "id": 361,
    "first_name": "Briggs",
    "last_name": "Dyhouse",
    "email": "bdyhousea0@samsung.com",
    "gender": "Male",
    "ip_address": "178.127.86.194",
    "organization": "Golden State Medical Supply Inc."
  },
  {
    "id": 362,
    "first_name": "Korey",
    "last_name": "Dooly",
    "email": "kdoolya1@mozilla.com",
    "gender": "Male",
    "ip_address": "183.98.61.57",
    "organization": "Kroger Company"
  },
  {
    "id": 363,
    "first_name": "Ferd",
    "last_name": "Ibbs",
    "email": "fibbsa2@dell.com",
    "gender": "Male",
    "ip_address": "191.180.140.100",
    "organization": "Lake Erie Medical DBA Quality Care Products LLC"
  },
  {
    "id": 365,
    "first_name": "Jedediah",
    "last_name": "Beatey",
    "email": "jbeateya4@yolasite.com",
    "gender": "Male",
    "ip_address": "162.87.170.68",
    "organization": "Amneal Pharmaceuticals of New York, LLC"
  },
  {
    "id": 369,
    "first_name": "Lorine",
    "last_name": "Colt",
    "email": "lcolta8@unicef.org",
    "gender": "Genderqueer",
    "ip_address": "128.69.88.193",
    "organization": "REMEDYREPACK INC."
  },
  {
    "id": 373,
    "first_name": "Tailor",
    "last_name": "Giannasi",
    "email": "tgiannasiac@ihg.com",
    "gender": "Male",
    "ip_address": "177.47.54.233",
    "organization": "Lorac Cosmetics, Inc."
  },
  {
    "id": 374,
    "first_name": "Scarface",
    "last_name": "Slowgrave",
    "email": "sslowgravead@theglobeandmail.com",
    "gender": "Non-binary",
    "ip_address": "166.154.249.174",
    "organization": "Breckenridge Pharmaceutical, Inc."
  },
  {
    "id": 376,
    "first_name": "Burk",
    "last_name": "Rasher",
    "email": "brasheraf@people.com.cn",
    "gender": "Male",
    "ip_address": "151.4.219.159",
    "organization": "Family Dollar"
  },
  {
    "id": 378,
    "first_name": "Amelia",
    "last_name": "Narraway",
    "email": "anarrawayah@rakuten.co.jp",
    "gender": "Female",
    "ip_address": "158.230.207.162",
    "organization": "Novartis Consumer Health"
  },
  {
    "id": 380,
    "first_name": "Trstram",
    "last_name": "Gallamore",
    "email": "tgallamoreaj@springer.com",
    "gender": "Male",
    "ip_address": "157.82.76.142",
    "organization": "Natures Sunshine Products, Inc."
  },
  {
    "id": 388,
    "first_name": "Farlie",
    "last_name": "Le - Count",
    "email": "flecountar@spotify.com",
    "gender": "Male",
    "ip_address": "187.6.26.70",
    "organization": "Topco Associates LLC"
  },
  {
    "id": 397,
    "first_name": "Jule",
    "last_name": "Critchard",
    "email": "jcritchardb0@dedecms.com",
    "gender": "Male",
    "ip_address": "161.158.40.165",
    "organization": "Physicians Total Care, Inc."
  },
  {
    "id": 399,
    "first_name": "Charmian",
    "last_name": "Verdy",
    "email": "cverdyb2@ifeng.com",
    "gender": "Female",
    "ip_address": "171.127.11.223",
    "organization": "Gurwitch Products"
  },
  {
    "id": 401,
    "first_name": "Dniren",
    "last_name": "Cool",
    "email": "dcoolb4@disqus.com",
    "gender": "Female",
    "ip_address": "165.70.122.40",
    "organization": "Cadila Healthcare Limited"
  },
  {
    "id": 403,
    "first_name": "Jessie",
    "last_name": "Sallows",
    "email": "jsallowsb6@tripod.com",
    "gender": "Bigender",
    "ip_address": "130.254.215.211",
    "organization": "Akorn, Inc."
  },
  {
    "id": 404,
    "first_name": "Ferdinande",
    "last_name": "Kiendl",
    "email": "fkiendlb7@tinyurl.com",
    "gender": "Female",
    "ip_address": "144.176.164.55",
    "organization": "JHP Pharmaceuticals LLC"
  },
  {
    "id": 405,
    "first_name": "Neala",
    "last_name": "Bakster",
    "email": "nbaksterb8@wikispaces.com",
    "gender": "Female",
    "ip_address": "176.150.125.103",
    "organization": "Chattem, Inc."
  },
  {
    "id": 410,
    "first_name": "Farand",
    "last_name": "Gartrell",
    "email": "fgartrellbd@paginegialle.it",
    "gender": "Female",
    "ip_address": "150.246.121.84",
    "organization": "Uriel Pharmacy Inc."
  },
  {
    "id": 413,
    "first_name": "Frasquito",
    "last_name": "Ramelot",
    "email": "framelotbg@jiathis.com",
    "gender": "Male",
    "ip_address": "142.1.112.104",
    "organization": "SYOXSA, Inc."
  },
  {
    "id": 415,
    "first_name": "Petronilla",
    "last_name": "Longega",
    "email": "plongegabi@flickr.com",
    "gender": "Female",
    "ip_address": "143.35.107.100",
    "organization": "Sanum Kehlbeck GmbH & Co. KG"
  },
  {
    "id": 416,
    "first_name": "Kassey",
    "last_name": "Wasling",
    "email": "kwaslingbj@msu.edu",
    "gender": "Female",
    "ip_address": "189.146.64.236",
    "organization": "Medac Pharma, Inc"
  },
  {
    "id": 420,
    "first_name": "Rikki",
    "last_name": "Enstone",
    "email": "renstonebn@washingtonpost.com",
    "gender": "Female",
    "ip_address": "133.7.0.213",
    "organization": "Golden State Medical Supply, Inc."
  },
  {
    "id": 422,
    "first_name": "Issi",
    "last_name": "Graeber",
    "email": "igraeberbp@imdb.com",
    "gender": "Female",
    "ip_address": "191.200.67.175",
    "organization": "H.J. Harkins Company Inc."
  },
  {
    "id": 425,
    "first_name": "Chas",
    "last_name": "Bradneck",
    "email": "cbradneckbs@posterous.com",
    "gender": "Bigender",
    "ip_address": "134.16.226.232",
    "organization": "Heel Inc"
  },
  {
    "id": 429,
    "first_name": "Elmore",
    "last_name": "Reddel",
    "email": "ereddelbw@washington.edu",
    "gender": "Male",
    "ip_address": "131.235.49.101",
    "organization": "Genentech, Inc."
  },
  {
    "id": 432,
    "first_name": "Carlene",
    "last_name": "Bowsher",
    "email": "cbowsherbz@springer.com",
    "gender": "Female",
    "ip_address": "137.40.151.86",
    "organization": "Medi-Physics Inc. dba GE Healthcare"
  },
  {
    "id": 433,
    "first_name": "Teador",
    "last_name": "Secombe",
    "email": "tsecombec0@mac.com",
    "gender": "Male",
    "ip_address": "176.13.104.179",
    "organization": "Prasco Laboratories"
  },
  {
    "id": 434,
    "first_name": "Filbert",
    "last_name": "Shipman",
    "email": "fshipmanc1@wordpress.com",
    "gender": "Male",
    "ip_address": "181.68.27.116",
    "organization": "TARGET CORPORATION"
  },
  {
    "id": 449,
    "first_name": "Dona",
    "last_name": "Freeth",
    "email": "dfreethcg@earthlink.net",
    "gender": "Female",
    "ip_address": "148.225.78.122",
    "organization": "Dispensing Solutions, Inc."
  },
  {
    "id": 451,
    "first_name": "Hermia",
    "last_name": "Beauvais",
    "email": "hbeauvaisci@house.gov",
    "gender": "Female",
    "ip_address": "128.105.10.42",
    "organization": "Procter & Gamble Manufacturing Co."
  },
  {
    "id": 454,
    "first_name": "Mahalia",
    "last_name": "Sammon",
    "email": "msammoncl@csmonitor.com",
    "gender": "Female",
    "ip_address": "154.72.122.164",
    "organization": "Forest Laboratories, Inc."
  },
  {
    "id": 457,
    "first_name": "Lurlene",
    "last_name": "Bizzey",
    "email": "lbizzeyco@blog.com",
    "gender": "Agender",
    "ip_address": "130.131.138.151",
    "organization": "WALGREENS"
  },
  {
    "id": 459,
    "first_name": "Eden",
    "last_name": "Dyne",
    "email": "edynecq@fc2.com",
    "gender": "Agender",
    "ip_address": "155.4.57.179",
    "organization": "SHISEIDO AMERICAS CORPORATION"
  },
  {
    "id": 465,
    "first_name": "Darcey",
    "last_name": "Schonfelder",
    "email": "dschonfeldercw@ameblo.jp",
    "gender": "Female",
    "ip_address": "134.221.212.84",
    "organization": "Major Pharmaceuticals"
  },
  {
    "id": 466,
    "first_name": "Shandie",
    "last_name": "Eathorne",
    "email": "seathornecx@mlb.com",
    "gender": "Female",
    "ip_address": "182.151.26.171",
    "organization": "ALK-Abello, Inc."
  },
  {
    "id": 470,
    "first_name": "Mechelle",
    "last_name": "Ruslin",
    "email": "mruslind1@unblog.fr",
    "gender": "Female",
    "ip_address": "167.240.250.128",
    "organization": "Parfums Christian Dior"
  },
  {
    "id": 477,
    "first_name": "Torry",
    "last_name": "Toffel",
    "email": "ttoffeld8@ask.com",
    "gender": "Male",
    "ip_address": "138.152.161.31",
    "organization": "Baxter Healthcare Corporation"
  },
  {
    "id": 483,
    "first_name": "Zach",
    "last_name": "Nassi",
    "email": "znasside@jigsy.com",
    "gender": "Male",
    "ip_address": "171.111.138.136",
    "organization": "Amerisource Bergen"
  },
  {
    "id": 484,
    "first_name": "Leda",
    "last_name": "Mullender",
    "email": "lmullenderdf@hatena.ne.jp",
    "gender": "Female",
    "ip_address": "167.34.7.149",
    "organization": "Ningbo Dowland Daily Health Co., Ltd"
  },
  {
    "id": 485,
    "first_name": "Johannes",
    "last_name": "Gostridge",
    "email": "jgostridgedg@opera.com",
    "gender": "Male",
    "ip_address": "154.123.33.187",
    "organization": "Roxane Laboratories, Inc"
  },
  {
    "id": 487,
    "first_name": "Valentia",
    "last_name": "Dimsdale",
    "email": "vdimsdaledi@npr.org",
    "gender": "Female",
    "ip_address": "167.255.240.244",
    "organization": "Aurobindo Pharma Limited"
  },
  {
    "id": 496,
    "first_name": "Petunia",
    "last_name": "Jesty",
    "email": "pjestydr@parallels.com",
    "gender": "Agender",
    "ip_address": "173.42.41.205",
    "organization": "Boots Retail USA Inc"
  },
  {
    "id": 504,
    "first_name": "Pepe",
    "last_name": "Lansbury",
    "email": "plansburydz@google.de",
    "gender": "Male",
    "ip_address": "187.138.32.62",
    "organization": "Bobbi Brown Professional Cosmetics Inc."
  },
  {
    "id": 510,
    "first_name": "Jorie",
    "last_name": "McNickle",
    "email": "jmcnicklee5@free.fr",
    "gender": "Female",
    "ip_address": "175.189.173.213",
    "organization": "Cardinal Health"
  },
  {
    "id": 515,
    "first_name": "Milton",
    "last_name": "Penhearow",
    "email": "mpenhearowea@aol.com",
    "gender": "Non-binary",
    "ip_address": "175.61.95.188",
    "organization": "Elizabeth Arden, Inc"
  },
  {
    "id": 516,
    "first_name": "Briant",
    "last_name": "Haliday",
    "email": "bhalidayeb@symantec.com",
    "gender": "Male",
    "ip_address": "163.106.103.12",
    "organization": "Western Family Foods Inc"
  },
  {
    "id": 519,
    "first_name": "Doloritas",
    "last_name": "Carnow",
    "email": "dcarnowee@cargocollective.com",
    "gender": "Female",
    "ip_address": "186.68.57.224",
    "organization": "Citron Pharma LLC"
  },
  {
    "id": 521,
    "first_name": "Bethina",
    "last_name": "Leeming",
    "email": "bleemingeg@amazon.com",
    "gender": "Female",
    "ip_address": "153.35.105.248",
    "organization": "Bill Munn Supply Inc, dba Munn Supply"
  },
  {
    "id": 523,
    "first_name": "Isa",
    "last_name": "Burgiss",
    "email": "iburgissei@gmpg.org",
    "gender": "Female",
    "ip_address": "150.147.141.4",
    "organization": "Straight Arrow Products, Inc."
  },
  {
    "id": 524,
    "first_name": "Torin",
    "last_name": "Siggery",
    "email": "tsiggeryej@google.it",
    "gender": "Polygender",
    "ip_address": "168.69.130.204",
    "organization": "Mylan Institutional Inc."
  },
  {
    "id": 528,
    "first_name": "Bing",
    "last_name": "Kasting",
    "email": "bkastingen@businessweek.com",
    "gender": "Genderfluid",
    "ip_address": "141.49.225.35",
    "organization": "Afaxys Inc."
  },
  {
    "id": 537,
    "first_name": "Robinet",
    "last_name": "Gillow",
    "email": "rgillowew@freewebs.com",
    "gender": "Female",
    "ip_address": "164.22.250.162",
    "organization": "CIMA Laboratories, Inc."
  },
  {
    "id": 538,
    "first_name": "Daven",
    "last_name": "Crosio",
    "email": "dcrosioex@oakley.com",
    "gender": "Male",
    "ip_address": "178.126.168.118",
    "organization": "Wal-Mart Stores Inc"
  },
  {
    "id": 546,
    "first_name": "Franklin",
    "last_name": "Averies",
    "email": "faveriesf5@dyndns.org",
    "gender": "Male",
    "ip_address": "176.78.178.223",
    "organization": "Jouer Cosmetics LLC"
  },
  {
    "id": 556,
    "first_name": "Durante",
    "last_name": "Gyford",
    "email": "dgyfordff@chron.com",
    "gender": "Male",
    "ip_address": "163.229.223.206",
    "organization": "Liddell Labroatories"
  },
  {
    "id": 562,
    "first_name": "Anna",
    "last_name": "Pavel",
    "email": "apavelfl@topsy.com",
    "gender": "Female",
    "ip_address": "132.216.185.185",
    "organization": "Medicine Shoppe International Inc"
  },
  {
    "id": 573,
    "first_name": "Fairlie",
    "last_name": "Dilnot",
    "email": "fdilnotfw@alexa.com",
    "gender": "Male",
    "ip_address": "185.188.193.242",
    "organization": "Blaine Labs Inc."
  },
  {
    "id": 575,
    "first_name": "Alexandra",
    "last_name": "Preece",
    "email": "apreecefy@sciencedaily.com",
    "gender": "Genderqueer",
    "ip_address": "158.61.114.165",
    "organization": "Bare Escentuals Beauty Inc."
  },
  {
    "id": 579,
    "first_name": "Winslow",
    "last_name": "Chaldecott",
    "email": "wchaldecottg2@huffingtonpost.com",
    "gender": "Male",
    "ip_address": "152.126.221.67",
    "organization": "TYA Pharmaceuticals"
  },
  {
    "id": 583,
    "first_name": "Ransell",
    "last_name": "Matyasik",
    "email": "rmatyasikg6@nationalgeographic.com",
    "gender": "Male",
    "ip_address": "166.94.236.157",
    "organization": "REMEDYREPACK INC."
  },
  {
    "id": 586,
    "first_name": "Caterina",
    "last_name": "Servis",
    "email": "cservisg9@army.mil",
    "gender": "Female",
    "ip_address": "137.161.212.255",
    "organization": "U.S. Pharmaceuticals"
  },
  {
    "id": 587,
    "first_name": "Bearnard",
    "last_name": "Linden",
    "email": "blindenga@google.nl",
    "gender": "Male",
    "ip_address": "174.124.171.172",
    "organization": "Rebel Distributors Corp"
  },
  {
    "id": 590,
    "first_name": "Thorin",
    "last_name": "Sainte Paul",
    "email": "tsaintepaulgd@digg.com",
    "gender": "Male",
    "ip_address": "144.108.174.195",
    "organization": "Pack Pharmaceuticals, LLC"
  },
  {
    "id": 592,
    "first_name": "Pamela",
    "last_name": "Edmonson",
    "email": "pedmonsongf@photobucket.com",
    "gender": "Female",
    "ip_address": "166.239.5.150",
    "organization": "A-S Medication Solutions LLC"
  },
  {
    "id": 595,
    "first_name": "Fionna",
    "last_name": "Hixson",
    "email": "fhixsongi@gnu.org",
    "gender": "Female",
    "ip_address": "140.210.237.151",
    "organization": "Townley, Inc."
  },
  {
    "id": 599,
    "first_name": "Rois",
    "last_name": "Melley",
    "email": "rmelleygm@soundcloud.com",
    "gender": "Female",
    "ip_address": "180.240.41.232",
    "organization": "Cardinal Health"
  },
  {
    "id": 601,
    "first_name": "Richy",
    "last_name": "Brookes",
    "email": "rbrookesgo@ifeng.com",
    "gender": "Male",
    "ip_address": "176.178.108.30",
    "organization": "Mylan Pharmaceuticals Inc."
  },
  {
    "id": 606,
    "first_name": "Arabel",
    "last_name": "Gilardoni",
    "email": "agilardonigt@istockphoto.com",
    "gender": "Agender",
    "ip_address": "129.220.233.30",
    "organization": "Napoleon Perdis Cosmetics, Inc"
  },
  {
    "id": 614,
    "first_name": "Franny",
    "last_name": "Freckelton",
    "email": "ffreckeltonh1@ucoz.com",
    "gender": "Female",
    "ip_address": "163.209.11.252",
    "organization": "Superior Chemical Corporation"
  },
  {
    "id": 619,
    "first_name": "Kean",
    "last_name": "Churchman",
    "email": "kchurchmanh6@rakuten.co.jp",
    "gender": "Male",
    "ip_address": "165.33.157.86",
    "organization": "Actavis Elizabeth LLC"
  },
  {
    "id": 623,
    "first_name": "Calv",
    "last_name": "Simnel",
    "email": "csimnelha@aboutads.info",
    "gender": "Male",
    "ip_address": "168.133.40.234",
    "organization": "PSS World Medical, Inc."
  },
  {
    "id": 627,
    "first_name": "Lindsay",
    "last_name": "Czajkowski",
    "email": "lczajkowskihe@moonfruit.com",
    "gender": "Bigender",
    "ip_address": "156.61.125.155",
    "organization": "Wild Child W A Pty Ltd"
  },
  {
    "id": 638,
    "first_name": "Terrell",
    "last_name": "Caren",
    "email": "tcarenhp@tamu.edu",
    "gender": "Male",
    "ip_address": "131.26.22.250",
    "organization": "LIVE BETTER (The Great Atlantic & Pacific Tea Company)"
  },
  {
    "id": 639,
    "first_name": "Marta",
    "last_name": "Swede",
    "email": "mswedehq@thetimes.co.uk",
    "gender": "Female",
    "ip_address": "166.216.80.41",
    "organization": "Nelco Laboratories, Inc."
  },
  {
    "id": 651,
    "first_name": "Gweneth",
    "last_name": "Alps",
    "email": "galpsi2@google.com",
    "gender": "Female",
    "ip_address": "180.109.105.227",
    "organization": "Mylan Institutional Inc."
  },
  {
    "id": 652,
    "first_name": "Franciskus",
    "last_name": "Ambrogetti",
    "email": "fambrogettii3@redcross.org",
    "gender": "Male",
    "ip_address": "159.186.123.66",
    "organization": "NorthStar Rx LLC"
  },
  {
    "id": 657,
    "first_name": "Jeremias",
    "last_name": "Priestman",
    "email": "jpriestmani8@creativecommons.org",
    "gender": "Male",
    "ip_address": "163.186.97.91",
    "organization": "Teva Pharmaceuticals USA Inc"
  },
  {
    "id": 659,
    "first_name": "Alix",
    "last_name": "Brisker",
    "email": "abriskeria@blogspot.com",
    "gender": "Male",
    "ip_address": "169.29.100.163",
    "organization": "Teva Pharmaceuticals USA Inc"
  },
  {
    "id": 662,
    "first_name": "Corine",
    "last_name": "Skase",
    "email": "cskaseid@flickr.com",
    "gender": "Female",
    "ip_address": "153.194.79.209",
    "organization": "North Safety Products"
  },
  {
    "id": 666,
    "first_name": "Roma",
    "last_name": "Checkley",
    "email": "rcheckleyih@histats.com",
    "gender": "Male",
    "ip_address": "142.231.40.223",
    "organization": "Chattem, Inc."
  },
  {
    "id": 667,
    "first_name": "Darcie",
    "last_name": "Broszkiewicz",
    "email": "dbroszkiewiczii@free.fr",
    "gender": "Female",
    "ip_address": "164.145.61.199",
    "organization": "ECI Pharmaceuticals LLC"
  },
  {
    "id": 672,
    "first_name": "Oliy",
    "last_name": "MacCurlye",
    "email": "omaccurlyein@msn.com",
    "gender": "Female",
    "ip_address": "150.10.25.130",
    "organization": "Shanghai Yinjing Medical Supplies Co., Ltd."
  },
  {
    "id": 681,
    "first_name": "Olin",
    "last_name": "Hobben",
    "email": "ohobbeniw@ebay.com",
    "gender": "Male",
    "ip_address": "134.130.113.34",
    "organization": "Medline Industries, Inc."
  },
  {
    "id": 691,
    "first_name": "Barney",
    "last_name": "Steven",
    "email": "bstevenj6@oakley.com",
    "gender": "Male",
    "ip_address": "142.202.236.155",
    "organization": "Rebel Distributors Corp."
  },
  {
    "id": 697,
    "first_name": "Deeanne",
    "last_name": "Rothman",
    "email": "drothmanjc@eventbrite.com",
    "gender": "Female",
    "ip_address": "131.215.60.130",
    "organization": "Eli Lilly and Company"
  },
  {
    "id": 698,
    "first_name": "Gilbert",
    "last_name": "Skerm",
    "email": "gskermjd@foxnews.com",
    "gender": "Male",
    "ip_address": "160.66.21.250",
    "organization": "NATURE REPUBLIC CO., LTD."
  },
  {
    "id": 702,
    "first_name": "Morly",
    "last_name": "Lauridsen",
    "email": "mlauridsenjh@meetup.com",
    "gender": "Male",
    "ip_address": "163.201.88.200",
    "organization": "REMEDYREPACK INC."
  },
  {
    "id": 704,
    "first_name": "King",
    "last_name": "Bratcher",
    "email": "kbratcherjj@cloudflare.com",
    "gender": "Male",
    "ip_address": "164.88.228.136",
    "organization": "HANSKIN CO., LTD."
  },
  {
    "id": 705,
    "first_name": "Belita",
    "last_name": "Novic",
    "email": "bnovicjk@comsenz.com",
    "gender": "Female",
    "ip_address": "169.26.152.133",
    "organization": "Bracco Diagnostics Inc"
  },
  {
    "id": 706,
    "first_name": "Claudius",
    "last_name": "Kemme",
    "email": "ckemmejl@eepurl.com",
    "gender": "Male",
    "ip_address": "145.34.209.55",
    "organization": "OMP, INC."
  },
  {
    "id": 721,
    "first_name": "Georgetta",
    "last_name": "Bagnall",
    "email": "gbagnallk0@chicagotribune.com",
    "gender": "Genderfluid",
    "ip_address": "182.51.43.76",
    "organization": "Air Source Industries Inc"
  },
  {
    "id": 724,
    "first_name": "Jabez",
    "last_name": "Corradeschi",
    "email": "jcorradeschik3@histats.com",
    "gender": "Male",
    "ip_address": "134.32.81.73",
    "organization": "Merle Norman"
  },
  {
    "id": 730,
    "first_name": "Fowler",
    "last_name": "Lutz",
    "email": "flutzk9@jigsy.com",
    "gender": "Male",
    "ip_address": "185.121.195.22",
    "organization": "SHISEIDO AMERICAS CORPORATION"
  },
  {
    "id": 735,
    "first_name": "Lexi",
    "last_name": "Bowie",
    "email": "lbowieke@geocities.jp",
    "gender": "Genderfluid",
    "ip_address": "186.159.206.246",
    "organization": "Mylan Pharmaceuticals Inc."
  },
  {
    "id": 742,
    "first_name": "Giovanni",
    "last_name": "Mawdsley",
    "email": "gmawdsleykl@va.gov",
    "gender": "Male",
    "ip_address": "169.127.136.132",
    "organization": "NATURE REPUBLIC CO., LTD."
  },
  {
    "id": 743,
    "first_name": "Niko",
    "last_name": "Kornyshev",
    "email": "nkornyshevkm@nbcnews.com",
    "gender": "Male",
    "ip_address": "128.63.79.143",
    "organization": "AvPAK"
  },
  {
    "id": 749,
    "first_name": "Anett",
    "last_name": "Bellocht",
    "email": "abellochtks@diigo.com",
    "gender": "Female",
    "ip_address": "191.89.226.231",
    "organization": "Shasta Medical Equipment"
  },
  {
    "id": 750,
    "first_name": "Trueman",
    "last_name": "Kinch",
    "email": "tkinchkt@google.ru",
    "gender": "Male",
    "ip_address": "180.121.209.77",
    "organization": "Nelco Laboratories, Inc."
  },
  {
    "id": 754,
    "first_name": "Dwain",
    "last_name": "Kettoe",
    "email": "dkettoekx@bbc.co.uk",
    "gender": "Male",
    "ip_address": "176.243.134.204",
    "organization": "Koh Gen Do USA, Inc"
  },
  {
    "id": 755,
    "first_name": "Brana",
    "last_name": "Stronach",
    "email": "bstronachky@sitemeter.com",
    "gender": "Female",
    "ip_address": "166.136.139.90",
    "organization": "State of Florida DOH Central Pharmacy"
  },
  {
    "id": 756,
    "first_name": "Gloriane",
    "last_name": "Dummett",
    "email": "gdummettkz@over-blog.com",
    "gender": "Female",
    "ip_address": "136.59.134.104",
    "organization": "Premier Value"
  },
  {
    "id": 775,
    "first_name": "Goldie",
    "last_name": "Coneybeare",
    "email": "gconeybeareli@ning.com",
    "gender": "Female",
    "ip_address": "174.104.196.151",
    "organization": "Affordable Pharmaceuticals, LLC"
  },
  {
    "id": 777,
    "first_name": "Sibel",
    "last_name": "Casa",
    "email": "scasalk@theatlantic.com",
    "gender": "Female",
    "ip_address": "168.14.173.33",
    "organization": "Rugby Laboratories Inc."
  },
  {
    "id": 778,
    "first_name": "Ilysa",
    "last_name": "Spiby",
    "email": "ispibyll@list-manage.com",
    "gender": "Female",
    "ip_address": "156.91.219.162",
    "organization": "Costco Wholesale Company"
  },
  {
    "id": 780,
    "first_name": "Shelbi",
    "last_name": "Hubber",
    "email": "shubberln@dedecms.com",
    "gender": "Female",
    "ip_address": "168.30.173.186",
    "organization": "Alaven Pharmaceutical LLC"
  },
  {
    "id": 796,
    "first_name": "Elladine",
    "last_name": "Benoy",
    "email": "ebenoym3@ca.gov",
    "gender": "Female",
    "ip_address": "181.130.148.102",
    "organization": "Enzymatic Therapy, LLC"
  },
  {
    "id": 800,
    "first_name": "Noach",
    "last_name": "O' Cloney",
    "email": "nocloneym7@paginegialle.it",
    "gender": "Male",
    "ip_address": "145.79.228.33",
    "organization": "West-Ward Pharmaceutical Corp"
  },
  {
    "id": 804,
    "first_name": "Anne-marie",
    "last_name": "Parrish",
    "email": "aparrishmb@hubpages.com",
    "gender": "Female",
    "ip_address": "165.40.42.74",
    "organization": "Mylan Pharmaceuticals Inc."
  },
  {
    "id": 814,
    "first_name": "Janie",
    "last_name": "Fairebrother",
    "email": "jfairebrotherml@va.gov",
    "gender": "Agender",
    "ip_address": "188.129.212.199",
    "organization": "Actavis Inc."
  },
  {
    "id": 819,
    "first_name": "Eve",
    "last_name": "Stillman",
    "email": "estillmanmq@last.fm",
    "gender": "Female",
    "ip_address": "182.184.234.201",
    "organization": "H.J. Harkins Company, Inc."
  },
  {
    "id": 822,
    "first_name": "Teador",
    "last_name": "Renshaw",
    "email": "trenshawmt@sciencedaily.com",
    "gender": "Male",
    "ip_address": "162.201.87.42",
    "organization": "Dental Technologies, Inc."
  },
  {
    "id": 829,
    "first_name": "Dominick",
    "last_name": "Claridge",
    "email": "dclaridgen0@hp.com",
    "gender": "Male",
    "ip_address": "129.98.143.54",
    "organization": "Nelco Laboratories, Inc."
  },
  {
    "id": 830,
    "first_name": "Geri",
    "last_name": "Meade",
    "email": "gmeaden1@scribd.com",
    "gender": "Male",
    "ip_address": "191.24.105.100",
    "organization": "Sun Pharma Global FZE"
  },
  {
    "id": 832,
    "first_name": "Archy",
    "last_name": "Tellesson",
    "email": "atellessonn3@360.cn",
    "gender": "Male",
    "ip_address": "144.151.191.182",
    "organization": "Cadila Healthcare Limited"
  },
  {
    "id": 838,
    "first_name": "Van",
    "last_name": "Ricson",
    "email": "vricsonn9@oaic.gov.au",
    "gender": "Male",
    "ip_address": "137.80.66.43",
    "organization": "Lupin Pharmaceuticals, Inc."
  },
  {
    "id": 842,
    "first_name": "Hugibert",
    "last_name": "Chessor",
    "email": "hchessornd@gmpg.org",
    "gender": "Male",
    "ip_address": "161.179.146.222",
    "organization": "Safetec of America, Inc."
  },
  {
    "id": 847,
    "first_name": "Rollo",
    "last_name": "Lukes",
    "email": "rlukesni@europa.eu",
    "gender": "Male",
    "ip_address": "190.117.221.183",
    "organization": "Nelco Laboratories, Inc."
  },
  {
    "id": 851,
    "first_name": "Donia",
    "last_name": "Hinckley",
    "email": "dhinckleynm@yolasite.com",
    "gender": "Female",
    "ip_address": "172.188.190.58",
    "organization": "Nelco Laboratories, Inc."
  },
  {
    "id": 853,
    "first_name": "Ashbey",
    "last_name": "Lightwing",
    "email": "alightwingno@yahoo.co.jp",
    "gender": "Male",
    "ip_address": "162.132.91.226",
    "organization": "Changzhou Maokang Medical Products Co., Ltd"
  },
  {
    "id": 859,
    "first_name": "Jannel",
    "last_name": "Deinhard",
    "email": "jdeinhardnu@nsw.gov.au",
    "gender": "Genderfluid",
    "ip_address": "128.142.85.192",
    "organization": "Mallinckrodt, Inc."
  },
  {
    "id": 862,
    "first_name": "Dean",
    "last_name": "McKeowon",
    "email": "dmckeowonnx@newyorker.com",
    "gender": "Male",
    "ip_address": "139.215.200.228",
    "organization": "REMEDYREPACK INC."
  },
  {
    "id": 863,
    "first_name": "Harrie",
    "last_name": "Menichillo",
    "email": "hmenichillony@sbwire.com",
    "gender": "Female",
    "ip_address": "166.106.1.157",
    "organization": "SJ Creations, Inc."
  },
  {
    "id": 865,
    "first_name": "Marchall",
    "last_name": "Dory",
    "email": "mdoryo0@istockphoto.com",
    "gender": "Male",
    "ip_address": "151.247.132.117",
    "organization": "NCS HealthCare of KY, Inc dba Vangard Labs"
  },
  {
    "id": 866,
    "first_name": "Cesar",
    "last_name": "Antonignetti",
    "email": "cantonignettio1@alibaba.com",
    "gender": "Male",
    "ip_address": "171.238.131.237",
    "organization": "Apotex Corp."
  },
  {
    "id": 875,
    "first_name": "Cordy",
    "last_name": "Bounds",
    "email": "cboundsoa@4shared.com",
    "gender": "Male",
    "ip_address": "190.86.31.75",
    "organization": "Antigen Laboratories, Inc."
  },
  {
    "id": 877,
    "first_name": "Haily",
    "last_name": "Westrope",
    "email": "hwestropeoc@homestead.com",
    "gender": "Female",
    "ip_address": "177.99.140.84",
    "organization": "Antigen Laboratories, Inc."
  },
  {
    "id": 889,
    "first_name": "Chickie",
    "last_name": "Sweetnam",
    "email": "csweetnamoo@shinystat.com",
    "gender": "Male",
    "ip_address": "181.194.155.71",
    "organization": "Cardinal Health"
  },
  {
    "id": 898,
    "first_name": "Clovis",
    "last_name": "Hilley",
    "email": "chilleyox@ning.com",
    "gender": "Female",
    "ip_address": "130.20.56.121",
    "organization": "Sandoz Inc"
  },
  {
    "id": 903,
    "first_name": "Stefan",
    "last_name": "Perillo",
    "email": "sperillop2@wsj.com",
    "gender": "Male",
    "ip_address": "175.50.125.168",
    "organization": "Deseret Biologicals, Inc."
  },
  {
    "id": 915,
    "first_name": "Deborah",
    "last_name": "Petofi",
    "email": "dpetofipe@about.com",
    "gender": "Female",
    "ip_address": "157.121.181.142",
    "organization": "AMI Cosmetic Co.,Ltd."
  },
  {
    "id": 916,
    "first_name": "Ebenezer",
    "last_name": "Tewkesbury.",
    "email": "etewkesburypf@trellian.com",
    "gender": "Male",
    "ip_address": "158.232.234.254",
    "organization": "Takeda Pharmaceuticals America, Inc."
  },
  {
    "id": 923,
    "first_name": "Mick",
    "last_name": "Whyte",
    "email": "mwhytepm@marriott.com",
    "gender": "Male",
    "ip_address": "182.166.174.35",
    "organization": "Kareway Product, Inc."
  },
  {
    "id": 925,
    "first_name": "Viole",
    "last_name": "Odams",
    "email": "vodamspo@topsy.com",
    "gender": "Female",
    "ip_address": "170.28.137.97",
    "organization": "Watson Laboratories, Inc."
  },
  {
    "id": 927,
    "first_name": "Siegfried",
    "last_name": "Wahner",
    "email": "swahnerpq@yelp.com",
    "gender": "Male",
    "ip_address": "148.39.122.213",
    "organization": "Major Pharmaceuticals"
  },
  {
    "id": 930,
    "first_name": "Paxton",
    "last_name": "Earie",
    "email": "peariept@shareasale.com",
    "gender": "Male",
    "ip_address": "191.105.136.65",
    "organization": "Integra Health International, S.A. de C.V."
  },
  {
    "id": 932,
    "first_name": "Lind",
    "last_name": "Jime",
    "email": "ljimepv@parallels.com",
    "gender": "Female",
    "ip_address": "136.69.184.239",
    "organization": "Rohto-Mentholatum (Vietnam) Co. Ltd."
  },
  {
    "id": 933,
    "first_name": "Neely",
    "last_name": "Derrick",
    "email": "nderrickpw@google.de",
    "gender": "Female",
    "ip_address": "136.163.216.27",
    "organization": "ALK-Abello, Inc."
  },
  {
    "id": 937,
    "first_name": "Renaldo",
    "last_name": "Shimoni",
    "email": "rshimoniq0@desdev.cn",
    "gender": "Male",
    "ip_address": "150.105.243.100",
    "organization": "STAT RX USA LLC"
  },
  {
    "id": 953,
    "first_name": "Aviva",
    "last_name": "Hennington",
    "email": "ahenningtonqg@unblog.fr",
    "gender": "Female",
    "ip_address": "150.173.152.166",
    "organization": "Onset Dermatologics LLC"
  },
  {
    "id": 955,
    "first_name": "Mikkel",
    "last_name": "York",
    "email": "myorkqi@home.pl",
    "gender": "Polygender",
    "ip_address": "156.156.181.195",
    "organization": "CSL Behring LLC"
  },
  {
    "id": 957,
    "first_name": "Gabriell",
    "last_name": "Ottawell",
    "email": "gottawellqk@marriott.com",
    "gender": "Bigender",
    "ip_address": "178.6.140.121",
    "organization": "Lake Erie Medical DBA Quality Care Products LLC"
  },
  {
    "id": 958,
    "first_name": "Jesse",
    "last_name": "Sharplin",
    "email": "jsharplinql@jugem.jp",
    "gender": "Male",
    "ip_address": "176.216.137.162",
    "organization": "REMEDYREPACK INC."
  },
  {
    "id": 962,
    "first_name": "Beitris",
    "last_name": "Marnes",
    "email": "bmarnesqp@meetup.com",
    "gender": "Female",
    "ip_address": "132.139.54.196",
    "organization": "Salado Sales, Inc."
  },
  {
    "id": 966,
    "first_name": "Myra",
    "last_name": "MacAlpin",
    "email": "mmacalpinqt@hugedomains.com",
    "gender": "Female",
    "ip_address": "150.89.113.38",
    "organization": "STAT Rx USA LLC"
  },
  {
    "id": 974,
    "first_name": "Sonya",
    "last_name": "Peascod",
    "email": "speascodr1@alibaba.com",
    "gender": "Female",
    "ip_address": "182.81.128.196",
    "organization": "Major Pharmaceuticals"
  },
  {
    "id": 982,
    "first_name": "Star",
    "last_name": "Spering",
    "email": "ssperingr9@blinklist.com",
    "gender": "Female",
    "ip_address": "132.192.65.197",
    "organization": "HyVee Inc"
  },
  {
    "id": 986,
    "first_name": "Sasha",
    "last_name": "Brisker",
    "email": "sbriskerrd@dion.ne.jp",
    "gender": "Male",
    "ip_address": "156.253.34.116",
    "organization": "Wakefern Food Corporation"
  },
  {
    "id": 988,
    "first_name": "Rory",
    "last_name": "Robic",
    "email": "rrobicrf@goo.gl",
    "gender": "Male",
    "ip_address": "191.254.88.242",
    "organization": "Cobalt Laboratories"
  },
  {
    "id": 994,
    "first_name": "Shay",
    "last_name": "Hordle",
    "email": "shordlerl@cdc.gov",
    "gender": "Male",
    "ip_address": "156.58.254.186",
    "organization": "Mentholatum (China) Pharmaceuticals Co Ltd"
  },
  {
    "id": 995,
    "first_name": "Iago",
    "last_name": "Sandall",
    "email": "isandallrm@redcross.org",
    "gender": "Male",
    "ip_address": "139.82.151.118",
    "organization": "Aurobindo Pharma Limited"
  },
  {
    "id": 996,
    "first_name": "Lora",
    "last_name": "Enocksson",
    "email": "lenockssonrn@amazonaws.com",
    "gender": "Female",
    "ip_address": "147.217.193.144",
    "organization": "Jubilant Cadista Pharmaceuticals Inc."
  },
  {
    "id": 999,
    "first_name": "Mendel",
    "last_name": "Kopman",
    "email": "mkopmanrq@hugedomains.com",
    "gender": "Male",
    "ip_address": "158.209.78.180",
    "organization": "MineralBio"
  }
]