[
  {
    "id": 1,
    "first_name": "Adore",
    "last_name": "Wholesworth",
    "email": "awholesworth0@about.com",
    "gender": "Female",
    "ip_address": "212.157.134.61",
    "organization": "Citron Pharma LLC"
  },
  {
    "id": 3,
    "first_name": "Faydra",
    "last_name": "Remmers",
    "email": "fremmers2@topsy.com",
    "gender": "Female",
    "ip_address": "201.148.103.106",
    "organization": "Cardinal Health"
  },
  {
    "id": 10,
    "first_name": "Roley",
    "last_name": "Matias",
    "email": "rmatias9@istockphoto.com",
    "gender": "Male",
    "ip_address": "222.2.155.28",
    "organization": "American Health Packaging"
  },
  {
    "id": 12,
    "first_name": "Ambur",
    "last_name": "Minigo",
    "email": "aminigob@geocities.com",
    "gender": "Female",
    "ip_address": "194.161.114.28",
    "organization": "Lake Erie Medical DBA Quality Care Products LLC"
  },
  {
    "id": 14,
    "first_name": "Joey",
    "last_name": "Jorissen",
    "email": "jjorissend@is.gd",
    "gender": "Male",
    "ip_address": "223.38.82.220",
    "organization": "Dr. Reddy's Laboratories Limited"
  },
  {
    "id": 29,
    "first_name": "Bram",
    "last_name": "Conew",
    "email": "bconews@indiegogo.com",
    "gender": "Male",
    "ip_address": "222.201.160.1",
    "organization": "Allermed Laboratories, Inc."
  },
  {
    "id": 37,
    "first_name": "Bobbie",
    "last_name": "Goult",
    "email": "bgoult10@seesaa.net",
    "gender": "Female",
    "ip_address": "216.108.179.215",
    "organization": "BJWC"
  },
  {
    "id": 42,
    "first_name": "Patten",
    "last_name": "Shanks",
    "email": "pshanks15@free.fr",
    "gender": "Male",
    "ip_address": "208.90.67.92",
    "organization": "Prasco Laboratories"
  },
  {
    "id": 50,
    "first_name": "Preston",
    "last_name": "Abotson",
    "email": "pabotson1d@pbs.org",
    "gender": "Male",
    "ip_address": "208.164.75.132",
    "organization": "Greenbrier International, Inc."
  },
  {
    "id": 61,
    "first_name": "Annmaria",
    "last_name": "Toffoloni",
    "email": "atoffoloni1o@mashable.com",
    "gender": "Female",
    "ip_address": "207.238.28.19",
    "organization": "REMEDYREPACK INC."
  },
  {
    "id": 62,
    "first_name": "Raphaela",
    "last_name": "Showen",
    "email": "rshowen1p@merriam-webster.com",
    "gender": "Female",
    "ip_address": "199.112.217.63",
    "organization": "Precision Dose Inc."
  },
  {
    "id": 72,
    "first_name": "Peyter",
    "last_name": "Learie",
    "email": "plearie1z@devhub.com",
    "gender": "Male",
    "ip_address": "201.18.232.91",
    "organization": "Foodhold"
  },
  {
    "id": 75,
    "first_name": "Helen-elizabeth",
    "last_name": "Nettle",
    "email": "hnettle22@blogspot.com",
    "gender": "Female",
    "ip_address": "208.166.87.200",
    "organization": "SJ Creations, Inc."
  },
  {
    "id": 76,
    "first_name": "Jeniece",
    "last_name": "Rapelli",
    "email": "jrapelli23@imageshack.us",
    "gender": "Female",
    "ip_address": "210.186.18.133",
    "organization": "Watson Laboratories, Inc."
  },
  {
    "id": 96,
    "first_name": "Dore",
    "last_name": "Nathan",
    "email": "dnathan2n@live.com",
    "gender": "Male",
    "ip_address": "194.141.163.150",
    "organization": "REMEDYREPACK INC."
  },
  {
    "id": 126,
    "first_name": "Madelon",
    "last_name": "Durban",
    "email": "mdurban3h@unblog.fr",
    "gender": "Female",
    "ip_address": "212.250.135.21",
    "organization": "Dispensing Solutions, Inc."
  },
  {
    "id": 132,
    "first_name": "Koren",
    "last_name": "Comini",
    "email": "kcomini3n@google.com.au",
    "gender": "Female",
    "ip_address": "220.102.29.116",
    "organization": "Physicians Total Care, Inc."
  },
  {
    "id": 141,
    "first_name": "Flossie",
    "last_name": "Wainscot",
    "email": "fwainscot3w@dot.gov",
    "gender": "Polygender",
    "ip_address": "217.6.1.233",
    "organization": "McKesson Contract Packaging"
  },
  {
    "id": 148,
    "first_name": "Matias",
    "last_name": "Baelde",
    "email": "mbaelde43@army.mil",
    "gender": "Male",
    "ip_address": "211.249.168.11",
    "organization": "Apace Packaging"
  },
  {
    "id": 157,
    "first_name": "Marney",
    "last_name": "Scrange",
    "email": "mscrange4c@is.gd",
    "gender": "Female",
    "ip_address": "201.99.238.71",
    "organization": "American Health Packaging"
  },
  {
    "id": 166,
    "first_name": "Salem",
    "last_name": "Ponton",
    "email": "sponton4l@google.cn",
    "gender": "Male",
    "ip_address": "201.247.131.193",
    "organization": "Physicians Total Care, Inc."
  },
  {
    "id": 174,
    "first_name": "Justinn",
    "last_name": "Rickesies",
    "email": "jrickesies4t@weebly.com",
    "gender": "Female",
    "ip_address": "219.171.23.164",
    "organization": "Hi-Tech Pharmacal Co., Inc."
  },
  {
    "id": 185,
    "first_name": "Bastian",
    "last_name": "Mateo",
    "email": "bmateo54@noaa.gov",
    "gender": "Male",
    "ip_address": "205.105.118.105",
    "organization": "Apotheca Company"
  },
  {
    "id": 187,
    "first_name": "Shellysheldon",
    "last_name": "Balbeck",
    "email": "sbalbeck56@example.com",
    "gender": "Male",
    "ip_address": "207.93.229.60",
    "organization": "Lake Erie Medical & Surgical Supply DBA Quality Care Products LLC"
  },
  {
    "id": 189,
    "first_name": "Bathsheba",
    "last_name": "Fashion",
    "email": "bfashion58@statcounter.com",
    "gender": "Female",
    "ip_address": "207.195.123.227",
    "organization": "Merck Sharp & Dohme Corp."
  },
  {
    "id": 195,
    "first_name": "Royce",
    "last_name": "Eyles",
    "email": "reyles5e@huffingtonpost.com",
    "gender": "Male",
    "ip_address": "214.139.116.124",
    "organization": "G & W Laboratories, Inc."
  },
  {
    "id": 197,
    "first_name": "Hillier",
    "last_name": "Bortolomei",
    "email": "hbortolomei5g@t.co",
    "gender": "Male",
    "ip_address": "205.83.114.110",
    "organization": "Safeway"
  },
  {
    "id": 213,
    "first_name": "Lavina",
    "last_name": "Popping",
    "email": "lpopping5w@abc.net.au",
    "gender": "Female",
    "ip_address": "217.165.200.201",
    "organization": "Lupin Pharmaceuticals, Inc."
  },
  {
    "id": 214,
    "first_name": "Aylmar",
    "last_name": "Latchmore",
    "email": "alatchmore5x@telegraph.co.uk",
    "gender": "Male",
    "ip_address": "204.201.1.31",
    "organization": "Nelco Laboratories, Inc."
  },
  {
    "id": 217,
    "first_name": "Faulkner",
    "last_name": "Egre",
    "email": "fegre60@edublogs.org",
    "gender": "Male",
    "ip_address": "199.246.17.69",
    "organization": "Chain Drug Marketing Association Inc."
  },
  {
    "id": 218,
    "first_name": "Nadya",
    "last_name": "Benian",
    "email": "nbenian61@prlog.org",
    "gender": "Female",
    "ip_address": "206.249.226.251",
    "organization": "Nelco Laboratories, Inc."
  },
  {
    "id": 219,
    "first_name": "Nicky",
    "last_name": "Pedroli",
    "email": "npedroli62@behance.net",
    "gender": "Male",
    "ip_address": "199.58.210.128",
    "organization": "Safetec of America, Inc."
  },
  {
    "id": 224,
    "first_name": "Jessa",
    "last_name": "Cubbini",
    "email": "jcubbini67@nymag.com",
    "gender": "Female",
    "ip_address": "214.226.121.65",
    "organization": "Blenheim Pharmacal, Inc."
  },
  {
    "id": 239,
    "first_name": "Cly",
    "last_name": "Steptow",
    "email": "csteptow6m@comsenz.com",
    "gender": "Male",
    "ip_address": "204.98.166.83",
    "organization": "Target Corporation"
  },
  {
    "id": 242,
    "first_name": "Lib",
    "last_name": "De Launde",
    "email": "ldelaunde6p@bbb.org",
    "gender": "Female",
    "ip_address": "197.182.9.12",
    "organization": "Electrostim Medical Services Inc. d/b/a EMSI"
  },
  {
    "id": 245,
    "first_name": "Melicent",
    "last_name": "Essel",
    "email": "messel6s@utexas.edu",
    "gender": "Genderqueer",
    "ip_address": "209.128.60.100",
    "organization": "Fresenius Kabi USA, LLC"
  },
  {
    "id": 250,
    "first_name": "Rene",
    "last_name": "McAllester",
    "email": "rmcallester6x@vkontakte.ru",
    "gender": "Female",
    "ip_address": "197.126.5.244",
    "organization": "Nelco Laboratories, Inc."
  },
  {
    "id": 264,
    "first_name": "Allina",
    "last_name": "O'Reilly",
    "email": "aoreilly7b@twitpic.com",
    "gender": "Female",
    "ip_address": "198.144.9.84",
    "organization": "Qualitest Pharmaceuticals"
  },
  {
    "id": 270,
    "first_name": "Bernete",
    "last_name": "Harriott",
    "email": "bharriott7h@mail.ru",
    "gender": "Female",
    "ip_address": "198.39.113.188",
    "organization": "Cardinal Health"
  },
  {
    "id": 283,
    "first_name": "Guillermo",
    "last_name": "Aberchirder",
    "email": "gaberchirder7u@mozilla.com",
    "gender": "Male",
    "ip_address": "214.78.238.51",
    "organization": "Sagent Pharmaceuticals"
  },
  {
    "id": 287,
    "first_name": "Annissa",
    "last_name": "MacGregor",
    "email": "amacgregor7y@creativecommons.org",
    "gender": "Female",
    "ip_address": "200.252.136.154",
    "organization": "WALGREEN CO."
  },
  {
    "id": 289,
    "first_name": "Marlo",
    "last_name": "Miners",
    "email": "mminers80@aol.com",
    "gender": "Male",
    "ip_address": "220.52.57.127",
    "organization": "Allergy Laboratories, Inc."
  },
  {
    "id": 290,
    "first_name": "Conrad",
    "last_name": "Sainthill",
    "email": "csainthill81@webnode.com",
    "gender": "Male",
    "ip_address": "222.222.57.81",
    "organization": "Cox Health Home Support"
  },
  {
    "id": 295,
    "first_name": "Elinor",
    "last_name": "Swetman",
    "email": "eswetman86@paginegialle.it",
    "gender": "Polygender",
    "ip_address": "213.248.63.58",
    "organization": "Respiratory Home Care Specialists, Inc."
  },
  {
    "id": 306,
    "first_name": "Sol",
    "last_name": "Sail",
    "email": "ssail8h@fema.gov",
    "gender": "Male",
    "ip_address": "216.131.158.167",
    "organization": "KAISER FOUNDATION HOSPITALS"
  },
  {
    "id": 314,
    "first_name": "Correna",
    "last_name": "Petkov",
    "email": "cpetkov8p@com.com",
    "gender": "Female",
    "ip_address": "201.169.199.220",
    "organization": "Lake Erie Medical DBA Quality Care Products LLC"
  },
  {
    "id": 315,
    "first_name": "Gigi",
    "last_name": "Dominy",
    "email": "gdominy8q@naver.com",
    "gender": "Female",
    "ip_address": "202.129.180.156",
    "organization": "Safeway"
  },
  {
    "id": 316,
    "first_name": "Lina",
    "last_name": "Tompkin",
    "email": "ltompkin8r@ucoz.com",
    "gender": "Female",
    "ip_address": "213.248.194.30",
    "organization": "Dr Reddy's Laboratories"
  },
  {
    "id": 320,
    "first_name": "Joane",
    "last_name": "Tidswell",
    "email": "jtidswell8v@people.com.cn",
    "gender": "Female",
    "ip_address": "223.234.190.106",
    "organization": "F&CO Co., Ltd."
  },
  {
    "id": 330,
    "first_name": "Callean",
    "last_name": "Babonau",
    "email": "cbabonau95@multiply.com",
    "gender": "Male",
    "ip_address": "193.108.174.171",
    "organization": "Clinical Solutions Wholesale"
  },
  {
    "id": 340,
    "first_name": "Chrissie",
    "last_name": "Larroway",
    "email": "clarroway9f@surveymonkey.com",
    "gender": "Non-binary",
    "ip_address": "221.191.103.211",
    "organization": "Rebel Distributors Corp"
  },
  {
    "id": 346,
    "first_name": "Clementine",
    "last_name": "Ingleton",
    "email": "cingleton9l@mozilla.org",
    "gender": "Female",
    "ip_address": "200.13.200.36",
    "organization": "REMEDYREPACK INC."
  },
  {
    "id": 359,
    "first_name": "Lannie",
    "last_name": "Weigh",
    "email": "lweigh9y@weibo.com",
    "gender": "Male",
    "ip_address": "199.73.36.229",
    "organization": "Chain Drug Marketing Association"
  },
  {
    "id": 364,
    "first_name": "Sari",
    "last_name": "Eames",
    "email": "seamesa3@yellowbook.com",
    "gender": "Female",
    "ip_address": "202.27.20.137",
    "organization": "Qualitest Pharmaceuticals"
  },
  {
    "id": 370,
    "first_name": "Babita",
    "last_name": "Sawforde",
    "email": "bsawfordea9@themeforest.net",
    "gender": "Female",
    "ip_address": "207.1.112.105",
    "organization": "Uriel Pharmacy Inc."
  },
  {
    "id": 372,
    "first_name": "Tabbatha",
    "last_name": "Shew",
    "email": "tshewab@ocn.ne.jp",
    "gender": "Female",
    "ip_address": "201.246.184.165",
    "organization": "Golden State Medical Supply, Inc."
  },
  {
    "id": 377,
    "first_name": "Bay",
    "last_name": "Clissell",
    "email": "bclissellag@house.gov",
    "gender": "Male",
    "ip_address": "194.160.189.147",
    "organization": "Rebel Distributors Corp"
  },
  {
    "id": 384,
    "first_name": "Ketti",
    "last_name": "Dorrington",
    "email": "kdorringtonan@bandcamp.com",
    "gender": "Female",
    "ip_address": "195.107.224.14",
    "organization": "American Health Packaging"
  },
  {
    "id": 386,
    "first_name": "Melantha",
    "last_name": "Greenstead",
    "email": "mgreensteadap@bbb.org",
    "gender": "Female",
    "ip_address": "194.70.5.41",
    "organization": "Niagara Pharmaceuticals Inc."
  },
  {
    "id": 392,
    "first_name": "Brenda",
    "last_name": "Sparsholt",
    "email": "bsparsholtav@vimeo.com",
    "gender": "Female",
    "ip_address": "219.92.32.191",
    "organization": "Antigen Laboratories, Inc."
  },
  {
    "id": 394,
    "first_name": "Germaine",
    "last_name": "Greenly",
    "email": "ggreenlyax@newyorker.com",
    "gender": "Male",
    "ip_address": "201.110.96.209",
    "organization": "REMEDYREPACK INC."
  },
  {
    "id": 402,
    "first_name": "Thornie",
    "last_name": "Worviell",
    "email": "tworviellb5@hexun.com",
    "gender": "Male",
    "ip_address": "198.46.246.104",
    "organization": "ALK-Abello, Inc."
  },
  {
    "id": 406,
    "first_name": "Harwilll",
    "last_name": "Tummasutti",
    "email": "htummasuttib9@umich.edu",
    "gender": "Male",
    "ip_address": "205.216.20.227",
    "organization": "U.S. Pharmaceuticals"
  },
  {
    "id": 414,
    "first_name": "Eleonore",
    "last_name": "Toseland",
    "email": "etoselandbh@house.gov",
    "gender": "Female",
    "ip_address": "215.56.57.37",
    "organization": "REMEDYREPACK INC."
  },
  {
    "id": 435,
    "first_name": "Elsy",
    "last_name": "Olyfant",
    "email": "eolyfantc2@slideshare.net",
    "gender": "Female",
    "ip_address": "200.203.165.58",
    "organization": "Western Family Foods Inc"
  },
  {
    "id": 445,
    "first_name": "Wyndham",
    "last_name": "Dancer",
    "email": "wdancercc@va.gov",
    "gender": "Male",
    "ip_address": "195.236.18.254",
    "organization": "Apotheca Company"
  },
  {
    "id": 452,
    "first_name": "Elbert",
    "last_name": "Rarity",
    "email": "eraritycj@aboutads.info",
    "gender": "Male",
    "ip_address": "212.98.4.50",
    "organization": "McKesson Contract Packaging"
  },
  {
    "id": 456,
    "first_name": "Wilburt",
    "last_name": "Methuen",
    "email": "wmethuencn@cloudflare.com",
    "gender": "Male",
    "ip_address": "219.173.7.79",
    "organization": "Kmart Corporation"
  },
  {
    "id": 488,
    "first_name": "Gaylor",
    "last_name": "Glew",
    "email": "gglewdj@yellowbook.com",
    "gender": "Male",
    "ip_address": "209.163.143.213",
    "organization": "McKesson (Sunmark)"
  },
  {
    "id": 495,
    "first_name": "Cinda",
    "last_name": "Linay",
    "email": "clinaydq@prnewswire.com",
    "gender": "Female",
    "ip_address": "220.112.217.240",
    "organization": "Wockhardt Limited"
  },
  {
    "id": 511,
    "first_name": "Ansel",
    "last_name": "Compfort",
    "email": "acompforte6@ameblo.jp",
    "gender": "Male",
    "ip_address": "214.218.234.208",
    "organization": "GM Pharamceuticals, Inc"
  },
  {
    "id": 517,
    "first_name": "Nina",
    "last_name": "Iorio",
    "email": "niorioec@discuz.net",
    "gender": "Female",
    "ip_address": "219.133.1.191",
    "organization": "Energizer Personal Care LLC"
  },
  {
    "id": 526,
    "first_name": "Kesley",
    "last_name": "Zmitruk",
    "email": "kzmitrukel@mozilla.com",
    "gender": "Female",
    "ip_address": "205.242.220.177",
    "organization": "BF ASCHER AND CO INC"
  },
  {
    "id": 539,
    "first_name": "Germayne",
    "last_name": "Battle",
    "email": "gbattleey@wiley.com",
    "gender": "Male",
    "ip_address": "215.97.221.33",
    "organization": "ARMY AND AIR FORCE EXCHANGE SERVICE"
  },
  {
    "id": 553,
    "first_name": "Belle",
    "last_name": "Snoxell",
    "email": "bsnoxellfc@usatoday.com",
    "gender": "Female",
    "ip_address": "198.12.189.209",
    "organization": "NCS HealthCare of KY, Inc dba Vangard Labs"
  },
  {
    "id": 554,
    "first_name": "Dwain",
    "last_name": "Artist",
    "email": "dartistfd@exblog.jp",
    "gender": "Male",
    "ip_address": "223.219.169.152",
    "organization": "Cantrell Drug Company"
  },
  {
    "id": 557,
    "first_name": "Shayna",
    "last_name": "Pymm",
    "email": "spymmfg@deliciousdays.com",
    "gender": "Female",
    "ip_address": "212.129.70.134",
    "organization": "Liddell Laboratories, Inc."
  },
  {
    "id": 560,
    "first_name": "Jorey",
    "last_name": "Roche",
    "email": "jrochefj@163.com",
    "gender": "Female",
    "ip_address": "195.41.24.113",
    "organization": "Unit Dose Services"
  },
  {
    "id": 564,
    "first_name": "Tabby",
    "last_name": "De Fraine",
    "email": "tdefrainefn@yellowbook.com",
    "gender": "Female",
    "ip_address": "203.208.184.36",
    "organization": "Preferred Pharmaceuticals, Inc."
  },
  {
    "id": 565,
    "first_name": "Basia",
    "last_name": "Fagg",
    "email": "bfaggfo@psu.edu",
    "gender": "Female",
    "ip_address": "208.147.207.136",
    "organization": "Northstar Rx LLC"
  },
  {
    "id": 581,
    "first_name": "Karla",
    "last_name": "Cisland",
    "email": "kcislandg4@hibu.com",
    "gender": "Female",
    "ip_address": "216.143.7.87",
    "organization": "Coty US LLC"
  },
  {
    "id": 585,
    "first_name": "Kirby",
    "last_name": "Perroni",
    "email": "kperronig8@amazon.com",
    "gender": "Female",
    "ip_address": "217.224.220.120",
    "organization": "VENTURA INTERNATIONAL LTD.,"
  },
  {
    "id": 589,
    "first_name": "Mohandis",
    "last_name": "Bunworth",
    "email": "mbunworthgc@photobucket.com",
    "gender": "Male",
    "ip_address": "212.189.74.144",
    "organization": "Walgreen Company"
  },
  {
    "id": 597,
    "first_name": "Godfrey",
    "last_name": "Jikylls",
    "email": "gjikyllsgk@infoseek.co.jp",
    "gender": "Genderfluid",
    "ip_address": "196.112.14.152",
    "organization": "E.R. Squibb & Sons, L.L.C."
  },
  {
    "id": 603,
    "first_name": "Robbi",
    "last_name": "Tourmell",
    "email": "rtourmellgq@whitehouse.gov",
    "gender": "Female",
    "ip_address": "211.2.22.193",
    "organization": "St Marys Medical Park Pharmacy"
  },
  {
    "id": 608,
    "first_name": "Merrili",
    "last_name": "Pyford",
    "email": "mpyfordgv@weather.com",
    "gender": "Female",
    "ip_address": "205.143.106.170",
    "organization": "BrandStorm HBC"
  },
  {
    "id": 609,
    "first_name": "Edith",
    "last_name": "Blowne",
    "email": "eblownegw@hexun.com",
    "gender": "Female",
    "ip_address": "198.227.219.90",
    "organization": "Allergy Laboratories, Inc."
  },
  {
    "id": 616,
    "first_name": "Jakob",
    "last_name": "Longhi",
    "email": "jlonghih3@mapquest.com",
    "gender": "Male",
    "ip_address": "209.60.117.239",
    "organization": "Citron Pharma LLC"
  },
  {
    "id": 631,
    "first_name": "Jermaine",
    "last_name": "Christoffe",
    "email": "jchristoffehi@microsoft.com",
    "gender": "Female",
    "ip_address": "199.248.42.75",
    "organization": "Air Liquide America Specialty Gases LLC"
  },
  {
    "id": 650,
    "first_name": "Millie",
    "last_name": "Ingraham",
    "email": "mingrahami1@thetimes.co.uk",
    "gender": "Female",
    "ip_address": "206.201.156.97",
    "organization": "Energizer Personal Care LLC"
  },
  {
    "id": 654,
    "first_name": "Bryana",
    "last_name": "Daybell",
    "email": "bdaybelli5@princeton.edu",
    "gender": "Female",
    "ip_address": "211.117.153.5",
    "organization": "Novo Nordisk"
  },
  {
    "id": 670,
    "first_name": "Peyter",
    "last_name": "McKean",
    "email": "pmckeanil@godaddy.com",
    "gender": "Genderfluid",
    "ip_address": "220.214.101.200",
    "organization": "Roxane Laboratories, Inc."
  },
  {
    "id": 685,
    "first_name": "Fabiano",
    "last_name": "Zywicki",
    "email": "fzywickij0@myspace.com",
    "gender": "Male",
    "ip_address": "217.26.103.102",
    "organization": "Contract Pharmacy Services-PA"
  },
  {
    "id": 692,
    "first_name": "Fawne",
    "last_name": "Grassot",
    "email": "fgrassotj7@miibeian.gov.cn",
    "gender": "Agender",
    "ip_address": "201.130.170.136",
    "organization": "Cardinal Health"
  },
  {
    "id": 709,
    "first_name": "Whitney",
    "last_name": "Andreasen",
    "email": "wandreasenjo@virginia.edu",
    "gender": "Male",
    "ip_address": "220.224.36.160",
    "organization": "Golden State Medical Supply, Inc."
  },
  {
    "id": 714,
    "first_name": "Earvin",
    "last_name": "Shevill",
    "email": "eshevilljt@sphinn.com",
    "gender": "Agender",
    "ip_address": "195.188.196.183",
    "organization": "Lupin Pharmaceuticals, Inc."
  },
  {
    "id": 722,
    "first_name": "Tanner",
    "last_name": "Swan",
    "email": "tswank1@craigslist.org",
    "gender": "Male",
    "ip_address": "203.235.27.136",
    "organization": "Meijer Distribution Inc"
  },
  {
    "id": 727,
    "first_name": "Susie",
    "last_name": "Searles",
    "email": "ssearlesk6@tinyurl.com",
    "gender": "Bigender",
    "ip_address": "197.104.155.164",
    "organization": "Teva Pharmaceuticals USA Inc"
  },
  {
    "id": 732,
    "first_name": "Eddie",
    "last_name": "McNuff",
    "email": "emcnuffkb@imdb.com",
    "gender": "Female",
    "ip_address": "205.187.185.211",
    "organization": "DIRECT RX"
  },
  {
    "id": 739,
    "first_name": "Urbano",
    "last_name": "Blenkiron",
    "email": "ublenkironki@tinyurl.com",
    "gender": "Male",
    "ip_address": "206.111.181.233",
    "organization": "Five Below"
  },
  {
    "id": 745,
    "first_name": "Che",
    "last_name": "Juschke",
    "email": "cjuschkeko@geocities.com",
    "gender": "Male",
    "ip_address": "205.247.126.205",
    "organization": "Lake Erie Medical DBA Quality Care Products LLC"
  },
  {
    "id": 753,
    "first_name": "Nickolai",
    "last_name": "Sabben",
    "email": "nsabbenkw@ycombinator.com",
    "gender": "Male",
    "ip_address": "215.68.63.132",
    "organization": "NCS HealthCare of KY, Inc dba Vangard Labs"
  },
  {
    "id": 757,
    "first_name": "Scottie",
    "last_name": "Tucknutt",
    "email": "stucknuttl0@yahoo.co.jp",
    "gender": "Genderqueer",
    "ip_address": "219.228.89.110",
    "organization": "STAT Rx USA LLC"
  },
  {
    "id": 758,
    "first_name": "Kippar",
    "last_name": "Batram",
    "email": "kbatraml1@angelfire.com",
    "gender": "Male",
    "ip_address": "192.201.163.24",
    "organization": "Henry Schein Inc."
  },
  {
    "id": 761,
    "first_name": "Wheeler",
    "last_name": "Bresland",
    "email": "wbreslandl4@gravatar.com",
    "gender": "Male",
    "ip_address": "193.6.131.129",
    "organization": "Preferred Pharmaceuticals, Inc"
  },
  {
    "id": 779,
    "first_name": "Gabriela",
    "last_name": "Joselson",
    "email": "gjoselsonlm@surveymonkey.com",
    "gender": "Female",
    "ip_address": "211.238.29.209",
    "organization": "Apotheca Company"
  },
  {
    "id": 788,
    "first_name": "Gert",
    "last_name": "Kilfoyle",
    "email": "gkilfoylelv@va.gov",
    "gender": "Female",
    "ip_address": "218.29.2.27",
    "organization": "Alembic Pharmaceuticals Limited"
  },
  {
    "id": 793,
    "first_name": "Lauralee",
    "last_name": "Kohrding",
    "email": "lkohrdingm0@sohu.com",
    "gender": "Agender",
    "ip_address": "212.210.153.52",
    "organization": "Ventura International LTD."
  },
  {
    "id": 808,
    "first_name": "Selby",
    "last_name": "Vanichkin",
    "email": "svanichkinmf@printfriendly.com",
    "gender": "Male",
    "ip_address": "205.251.190.203",
    "organization": "Access Business Group, LLC"
  },
  {
    "id": 809,
    "first_name": "Maria",
    "last_name": "Legonidec",
    "email": "mlegonidecmg@bizjournals.com",
    "gender": "Female",
    "ip_address": "193.128.223.228",
    "organization": "Qualitest Pharmaceuticals"
  },
  {
    "id": 815,
    "first_name": "Agatha",
    "last_name": "O'Sharkey",
    "email": "aosharkeymm@comcast.net",
    "gender": "Genderfluid",
    "ip_address": "204.173.245.130",
    "organization": "Allergy Laboratories, Inc."
  },
  {
    "id": 823,
    "first_name": "Denise",
    "last_name": "Camelin",
    "email": "dcamelinmu@etsy.com",
    "gender": "Female",
    "ip_address": "199.215.149.100",
    "organization": "L'Oreal USA Products Inc"
  },
  {
    "id": 833,
    "first_name": "Emylee",
    "last_name": "Taaffe",
    "email": "etaaffen4@bloglines.com",
    "gender": "Female",
    "ip_address": "213.140.45.187",
    "organization": "PureLife Dental"
  },
  {
    "id": 849,
    "first_name": "Thayne",
    "last_name": "Towson",
    "email": "ttowsonnk@wisc.edu",
    "gender": "Male",
    "ip_address": "212.125.51.91",
    "organization": "Jubilant HollisterStier LLC"
  },
  {
    "id": 888,
    "first_name": "Justus",
    "last_name": "MacMichael",
    "email": "jmacmichaelon@lulu.com",
    "gender": "Male",
    "ip_address": "193.171.202.50",
    "organization": "Unit Dose Services"
  },
  {
    "id": 906,
    "first_name": "Toma",
    "last_name": "Chatto",
    "email": "tchattop5@google.com",
    "gender": "Female",
    "ip_address": "200.145.145.74",
    "organization": "NorthStar RxLLC"
  },
  {
    "id": 909,
    "first_name": "Herbert",
    "last_name": "Armes",
    "email": "harmesp8@sitemeter.com",
    "gender": "Male",
    "ip_address": "215.139.33.80",
    "organization": "NorthStar Rx LLC"
  },
  {
    "id": 911,
    "first_name": "Daffy",
    "last_name": "Farans",
    "email": "dfaranspa@youtu.be",
    "gender": "Female",
    "ip_address": "201.248.147.211",
    "organization": "Watson Pharma, Inc."
  },
  {
    "id": 921,
    "first_name": "Caria",
    "last_name": "Hardistry",
    "email": "chardistrypk@examiner.com",
    "gender": "Female",
    "ip_address": "210.223.196.186",
    "organization": "Western Family Foods Inc"
  },
  {
    "id": 928,
    "first_name": "Jacklyn",
    "last_name": "Halm",
    "email": "jhalmpr@addthis.com",
    "gender": "Female",
    "ip_address": "195.223.74.199",
    "organization": "Topco Associates LLC"
  },
  {
    "id": 936,
    "first_name": "Silvio",
    "last_name": "Morit",
    "email": "smoritpz@cisco.com",
    "gender": "Male",
    "ip_address": "215.240.38.6",
    "organization": "Dr.Reddy's Laboratories Limited"
  },
  {
    "id": 939,
    "first_name": "Elfreda",
    "last_name": "Scamaden",
    "email": "escamadenq2@stumbleupon.com",
    "gender": "Genderqueer",
    "ip_address": "206.156.153.6",
    "organization": "Premier Value"
  },
  {
    "id": 946,
    "first_name": "Salli",
    "last_name": "Childerhouse",
    "email": "schilderhouseq9@admin.ch",
    "gender": "Non-binary",
    "ip_address": "219.99.68.199",
    "organization": "Physicians Total Care, Inc."
  },
  {
    "id": 948,
    "first_name": "Lurline",
    "last_name": "Bellenie",
    "email": "lbellenieqb@china.com.cn",
    "gender": "Female",
    "ip_address": "222.242.173.4",
    "organization": "UCB, Inc."
  },
  {
    "id": 971,
    "first_name": "Basia",
    "last_name": "Thal",
    "email": "bthalqy@ftc.gov",
    "gender": "Female",
    "ip_address": "221.131.6.157",
    "organization": "Eisai Inc."
  },
  {
    "id": 973,
    "first_name": "Hannis",
    "last_name": "Elfes",
    "email": "helfesr0@toplist.cz",
    "gender": "Female",
    "ip_address": "211.76.185.197",
    "organization": "E. FOUGERA & CO., A division of Fougera Pharmaceuticals Inc."
  },
  {
    "id": 983,
    "first_name": "Aveline",
    "last_name": "Kleinsinger",
    "email": "akleinsingerra@hc360.com",
    "gender": "Female",
    "ip_address": "222.6.185.208",
    "organization": "Sanofi Pasteur Inc."
  },
  {
    "id": 985,
    "first_name": "Aindrea",
    "last_name": "Willcot",
    "email": "awillcotrc@microsoft.com",
    "gender": "Female",
    "ip_address": "215.99.220.216",
    "organization": "Cardinal Health"
  },
  {
    "id": 993,
    "first_name": "Larissa",
    "last_name": "Lighten",
    "email": "llightenrk@weather.com",
    "gender": "Agender",
    "ip_address": "197.140.86.218",
    "organization": "Del Rio Welders Equipment, Inc."
  }
]