[
  {
    "id": 4,
    "first_name": "Star",
    "last_name": "Billany",
    "email": "sbillany3@jimdo.com",
    "gender": "Female",
    "ip_address": "237.75.74.60",
    "organization": "Toma Biotechnology International Corporation-China Division"
  },
  {
    "id": 5,
    "first_name": "D'arcy",
    "last_name": "Joincey",
    "email": "djoincey4@vkontakte.ru",
    "gender": "Male",
    "ip_address": "238.125.164.61",
    "organization": "Liddell Laboratories, Inc."
  },
  {
    "id": 11,
    "first_name": "Melba",
    "last_name": "Acres",
    "email": "macresa@umn.edu",
    "gender": "Female",
    "ip_address": "237.185.109.219",
    "organization": "Taro Pharmaceuticals U.S.A., Inc."
  },
  {
    "id": 48,
    "first_name": "Quinn",
    "last_name": "Werndley",
    "email": "qwerndley1b@instagram.com",
    "gender": "Male",
    "ip_address": "233.144.199.43",
    "organization": "Cardinal Health"
  },
  {
    "id": 110,
    "first_name": "Melvyn",
    "last_name": "Kaye",
    "email": "mkaye31@blogs.com",
    "gender": "Male",
    "ip_address": "233.239.241.67",
    "organization": "Ventura Corporation LTD"
  },
  {
    "id": 134,
    "first_name": "Lew",
    "last_name": "Cudde",
    "email": "lcudde3p@mayoclinic.com",
    "gender": "Male",
    "ip_address": "238.116.131.95",
    "organization": "McKesson Packaging Services Business Unit of McKesson Corporation"
  },
  {
    "id": 232,
    "first_name": "Raoul",
    "last_name": "Harriot",
    "email": "rharriot6f@wufoo.com",
    "gender": "Genderqueer",
    "ip_address": "231.182.253.225",
    "organization": "Physicians Total Care, Inc."
  },
  {
    "id": 249,
    "first_name": "Kandace",
    "last_name": "Shedd",
    "email": "kshedd6w@jugem.jp",
    "gender": "Female",
    "ip_address": "238.27.226.140",
    "organization": "L. Perrigo Company"
  },
  {
    "id": 279,
    "first_name": "Jocelyn",
    "last_name": "Mengue",
    "email": "jmengue7q@cafepress.com",
    "gender": "Female",
    "ip_address": "226.244.39.139",
    "organization": "Baxter Healthcare Corporation"
  },
  {
    "id": 328,
    "first_name": "Magnum",
    "last_name": "Sand",
    "email": "msand93@wikimedia.org",
    "gender": "Male",
    "ip_address": "226.145.237.127",
    "organization": "McKesson Contract Packaging"
  },
  {
    "id": 329,
    "first_name": "Lucina",
    "last_name": "Dawdary",
    "email": "ldawdary94@alibaba.com",
    "gender": "Female",
    "ip_address": "225.242.49.248",
    "organization": "Sandoz Inc"
  },
  {
    "id": 344,
    "first_name": "Worthington",
    "last_name": "Dyne",
    "email": "wdyne9j@usda.gov",
    "gender": "Male",
    "ip_address": "234.138.238.222",
    "organization": "Menper Distributors, Inc."
  },
  {
    "id": 385,
    "first_name": "Denise",
    "last_name": "Leel",
    "email": "dleelao@taobao.com",
    "gender": "Female",
    "ip_address": "237.192.133.229",
    "organization": "Curative Power Lab PVT LTD"
  },
  {
    "id": 396,
    "first_name": "Berti",
    "last_name": "Marcome",
    "email": "bmarcomeaz@squidoo.com",
    "gender": "Male",
    "ip_address": "227.181.177.37",
    "organization": "Sanofi-Aventis U.S. LLC"
  },
  {
    "id": 421,
    "first_name": "Ermina",
    "last_name": "Fraulo",
    "email": "efraulobo@about.com",
    "gender": "Female",
    "ip_address": "230.21.45.209",
    "organization": "Pharmaceutica North America, Inc."
  },
  {
    "id": 441,
    "first_name": "Zita",
    "last_name": "Dronsfield",
    "email": "zdronsfieldc8@dion.ne.jp",
    "gender": "Female",
    "ip_address": "224.80.161.229",
    "organization": "ALK-Abello, Inc."
  },
  {
    "id": 448,
    "first_name": "Elinor",
    "last_name": "Coughlin",
    "email": "ecoughlincf@sina.com.cn",
    "gender": "Female",
    "ip_address": "237.206.6.173",
    "organization": "Medtech Products Inc."
  },
  {
    "id": 474,
    "first_name": "Virginia",
    "last_name": "Aberhart",
    "email": "vaberhartd5@tuttocitta.it",
    "gender": "Female",
    "ip_address": "227.117.237.46",
    "organization": "Uriel Pharmacy Inc."
  },
  {
    "id": 476,
    "first_name": "Lib",
    "last_name": "Bodill",
    "email": "lbodilld7@google.com",
    "gender": "Female",
    "ip_address": "232.240.110.182",
    "organization": "Perrigo New York Inc"
  },
  {
    "id": 544,
    "first_name": "Archer",
    "last_name": "Capelin",
    "email": "acapelinf3@dedecms.com",
    "gender": "Male",
    "ip_address": "239.134.157.239",
    "organization": "West-ward Pharmaceutical Corp"
  },
  {
    "id": 545,
    "first_name": "Hermina",
    "last_name": "Haliday",
    "email": "hhalidayf4@bloglovin.com",
    "gender": "Female",
    "ip_address": "229.49.172.234",
    "organization": "AuroMedics Pharma LLC"
  },
  {
    "id": 558,
    "first_name": "Isa",
    "last_name": "Cummine",
    "email": "icumminefh@va.gov",
    "gender": "Female",
    "ip_address": "239.27.236.188",
    "organization": "Johnson & Johnson Consumer Products Company, Division of Johnson & Johnson Consumer Companies, Inc."
  },
  {
    "id": 561,
    "first_name": "Shelton",
    "last_name": "Dysart",
    "email": "sdysartfk@nifty.com",
    "gender": "Male",
    "ip_address": "224.243.216.145",
    "organization": "Nelco Laboratories, Inc."
  },
  {
    "id": 582,
    "first_name": "Worden",
    "last_name": "Dudney",
    "email": "wdudneyg5@furl.net",
    "gender": "Male",
    "ip_address": "238.80.125.23",
    "organization": "Actavis Pharma Manufacturing Pvt. Ltd."
  },
  {
    "id": 588,
    "first_name": "Ayn",
    "last_name": "Matthews",
    "email": "amatthewsgb@hc360.com",
    "gender": "Polygender",
    "ip_address": "231.182.192.55",
    "organization": "Apotex Corporation"
  },
  {
    "id": 607,
    "first_name": "Phyllys",
    "last_name": "Pipe",
    "email": "ppipegu@hatena.ne.jp",
    "gender": "Female",
    "ip_address": "230.251.224.199",
    "organization": "Antigen Laboratories, Inc."
  },
  {
    "id": 634,
    "first_name": "Bev",
    "last_name": "Mundy",
    "email": "bmundyhl@gravatar.com",
    "gender": "Male",
    "ip_address": "233.190.80.210",
    "organization": "Major Pharmaceuticals"
  },
  {
    "id": 646,
    "first_name": "Rollo",
    "last_name": "Egger",
    "email": "reggerhx@dailymotion.com",
    "gender": "Male",
    "ip_address": "231.231.69.25",
    "organization": "Barr Laboratories Inc."
  },
  {
    "id": 676,
    "first_name": "Darb",
    "last_name": "Plante",
    "email": "dplanteir@canalblog.com",
    "gender": "Female",
    "ip_address": "239.215.128.239",
    "organization": "Pure Source"
  },
  {
    "id": 680,
    "first_name": "Biron",
    "last_name": "Preist",
    "email": "bpreistiv@alibaba.com",
    "gender": "Male",
    "ip_address": "236.207.236.52",
    "organization": "Pharmacia and Upjohn Company"
  },
  {
    "id": 686,
    "first_name": "Alec",
    "last_name": "Deverick",
    "email": "adeverickj1@over-blog.com",
    "gender": "Male",
    "ip_address": "225.119.44.125",
    "organization": "Praxair Distribution Southeast LLC"
  },
  {
    "id": 695,
    "first_name": "Nicky",
    "last_name": "MacNeilley",
    "email": "nmacneilleyja@ted.com",
    "gender": "Male",
    "ip_address": "225.76.150.44",
    "organization": "PD-Rx Pharmaceuticals, Inc."
  },
  {
    "id": 703,
    "first_name": "Patrizia",
    "last_name": "Geraldo",
    "email": "pgeraldoji@nature.com",
    "gender": "Female",
    "ip_address": "237.90.183.49",
    "organization": "Babor Cosmetics America, Corp."
  },
  {
    "id": 708,
    "first_name": "Krisha",
    "last_name": "McCoughan",
    "email": "kmccoughanjn@dmoz.org",
    "gender": "Male",
    "ip_address": "237.5.216.146",
    "organization": "AvPAK"
  },
  {
    "id": 710,
    "first_name": "Jere",
    "last_name": "Winn",
    "email": "jwinnjp@a8.net",
    "gender": "Male",
    "ip_address": "229.154.43.137",
    "organization": "Dispensing Solutions, Inc."
  },
  {
    "id": 737,
    "first_name": "Dasie",
    "last_name": "Laity",
    "email": "dlaitykg@taobao.com",
    "gender": "Female",
    "ip_address": "235.164.145.219",
    "organization": "Walgreens"
  },
  {
    "id": 789,
    "first_name": "Modesty",
    "last_name": "Fache",
    "email": "mfachelw@forbes.com",
    "gender": "Female",
    "ip_address": "236.87.75.57",
    "organization": "Medline Industries, Inc."
  },
  {
    "id": 810,
    "first_name": "Bibby",
    "last_name": "Skyram",
    "email": "bskyrammh@dailymail.co.uk",
    "gender": "Female",
    "ip_address": "230.120.163.254",
    "organization": "Kroger Company"
  },
  {
    "id": 821,
    "first_name": "Melisandra",
    "last_name": "Brando",
    "email": "mbrandoms@i2i.jp",
    "gender": "Female",
    "ip_address": "234.117.22.238",
    "organization": "Ohm Laboratories Inc."
  },
  {
    "id": 837,
    "first_name": "Jacqui",
    "last_name": "Giurio",
    "email": "jgiurion8@wp.com",
    "gender": "Female",
    "ip_address": "226.184.96.213",
    "organization": "Fresenius Kabi USA, LLC"
  },
  {
    "id": 843,
    "first_name": "Chester",
    "last_name": "Borchardt",
    "email": "cborchardtne@shutterfly.com",
    "gender": "Male",
    "ip_address": "229.111.102.24",
    "organization": "Fresenius Kabi USA, LLC"
  },
  {
    "id": 864,
    "first_name": "Charline",
    "last_name": "Priddey",
    "email": "cpriddeynz@joomla.org",
    "gender": "Agender",
    "ip_address": "227.94.133.126",
    "organization": "Target Corp.,"
  },
  {
    "id": 867,
    "first_name": "Yorker",
    "last_name": "Oliva",
    "email": "yolivao2@vistaprint.com",
    "gender": "Male",
    "ip_address": "232.63.54.251",
    "organization": "BioActive Nutritional"
  },
  {
    "id": 869,
    "first_name": "Baird",
    "last_name": "Columbine",
    "email": "bcolumbineo4@cpanel.net",
    "gender": "Male",
    "ip_address": "226.246.28.238",
    "organization": "Topco Associates LLC"
  },
  {
    "id": 876,
    "first_name": "Debora",
    "last_name": "O'Carran",
    "email": "docarranob@nasa.gov",
    "gender": "Female",
    "ip_address": "238.136.164.183",
    "organization": "Med-Health Pharma, LLC"
  },
  {
    "id": 892,
    "first_name": "Geordie",
    "last_name": "Jeanon",
    "email": "gjeanonor@google.co.uk",
    "gender": "Male",
    "ip_address": "229.111.111.231",
    "organization": "H.J. Harkins Company, Inc."
  },
  {
    "id": 907,
    "first_name": "Jesse",
    "last_name": "Syson",
    "email": "jsysonp6@storify.com",
    "gender": "Female",
    "ip_address": "229.121.147.182",
    "organization": "Merck Sharp & Dohme Corp."
  },
  {
    "id": 976,
    "first_name": "Mara",
    "last_name": "Szymoni",
    "email": "mszymonir3@jimdo.com",
    "gender": "Female",
    "ip_address": "224.31.39.53",
    "organization": "PD-Rx Pharmaceuticals, Inc."
  },
  {
    "id": 987,
    "first_name": "Alfy",
    "last_name": "Fawlkes",
    "email": "afawlkesre@theguardian.com",
    "gender": "Male",
    "ip_address": "237.151.78.113",
    "organization": "P and L Development of New York Corporation (ReadyInCase)"
  }
]