[
  {
    "id": 19,
    "first_name": "Tyson",
    "last_name": "Sainthill",
    "email": "tsainthilli@arizona.edu",
    "gender": "Male",
    "ip_address": "248.69.139.132",
    "organization": "Select Brand Distributors"
  },
  {
    "id": 38,
    "first_name": "Joseph",
    "last_name": "Silverman",
    "email": "jsilverman11@go.com",
    "gender": "Male",
    "ip_address": "249.216.148.194",
    "organization": "Taro Pharmaceuticals U.S.A., Inc."
  },
  {
    "id": 44,
    "first_name": "Patty",
    "last_name": "Suthren",
    "email": "psuthren17@booking.com",
    "gender": "Male",
    "ip_address": "250.4.103.20",
    "organization": "Publix Super Markets Inc"
  },
  {
    "id": 45,
    "first_name": "Arleyne",
    "last_name": "Gladwin",
    "email": "agladwin18@bravesites.com",
    "gender": "Female",
    "ip_address": "248.175.229.84",
    "organization": "Cardinal Health"
  },
  {
    "id": 59,
    "first_name": "Torie",
    "last_name": "Bater",
    "email": "tbater1m@themeforest.net",
    "gender": "Female",
    "ip_address": "243.31.104.52",
    "organization": "Antigen Laboratories, Inc."
  },
  {
    "id": 63,
    "first_name": "Myron",
    "last_name": "Loncaster",
    "email": "mloncaster1q@disqus.com",
    "gender": "Male",
    "ip_address": "251.136.160.23",
    "organization": "Meijer"
  },
  {
    "id": 84,
    "first_name": "Cissiee",
    "last_name": "Pendlenton",
    "email": "cpendlenton2b@posterous.com",
    "gender": "Female",
    "ip_address": "254.36.80.212",
    "organization": "Sanum Kehlbeck GmbH & Co. KG"
  },
  {
    "id": 97,
    "first_name": "Ainsley",
    "last_name": "Rump",
    "email": "arump2o@nymag.com",
    "gender": "Female",
    "ip_address": "255.170.92.56",
    "organization": "Reckitt Benckiser LLC"
  },
  {
    "id": 183,
    "first_name": "Isaac",
    "last_name": "McNamee",
    "email": "imcnamee52@latimes.com",
    "gender": "Male",
    "ip_address": "241.127.89.158",
    "organization": "Norwood Packaging Ltd."
  },
  {
    "id": 196,
    "first_name": "Egor",
    "last_name": "Skermer",
    "email": "eskermer5f@ft.com",
    "gender": "Male",
    "ip_address": "253.225.222.236",
    "organization": "REMEDYREPACK INC."
  },
  {
    "id": 198,
    "first_name": "Bibi",
    "last_name": "Jaggers",
    "email": "bjaggers5h@ezinearticles.com",
    "gender": "Non-binary",
    "ip_address": "244.50.132.217",
    "organization": "State of Florida DOH Central Pharmacy"
  },
  {
    "id": 199,
    "first_name": "Demetris",
    "last_name": "Iwanicki",
    "email": "diwanicki5i@businesswire.com",
    "gender": "Male",
    "ip_address": "253.223.29.41",
    "organization": "Mylan Institutional LLC"
  },
  {
    "id": 201,
    "first_name": "Ernesta",
    "last_name": "Harwood",
    "email": "eharwood5k@bigcartel.com",
    "gender": "Genderqueer",
    "ip_address": "245.236.233.134",
    "organization": "Jubilant HollisterStier LLC"
  },
  {
    "id": 209,
    "first_name": "Rebekkah",
    "last_name": "Howatt",
    "email": "rhowatt5s@zdnet.com",
    "gender": "Female",
    "ip_address": "242.201.51.22",
    "organization": "Lupin Pharmaceuticals, Inc."
  },
  {
    "id": 212,
    "first_name": "Trev",
    "last_name": "Ollin",
    "email": "tollin5v@seesaa.net",
    "gender": "Bigender",
    "ip_address": "241.59.70.229",
    "organization": "Nelco Laboratories, Inc."
  },
  {
    "id": 220,
    "first_name": "Dyana",
    "last_name": "Edeler",
    "email": "dedeler63@upenn.edu",
    "gender": "Female",
    "ip_address": "253.164.73.152",
    "organization": "International Labs, Inc."
  },
  {
    "id": 226,
    "first_name": "Nikita",
    "last_name": "Fitzharris",
    "email": "nfitzharris69@nytimes.com",
    "gender": "Male",
    "ip_address": "241.204.190.109",
    "organization": "NeilMed Pharmaceuticals Inc"
  },
  {
    "id": 238,
    "first_name": "Constantine",
    "last_name": "Lacky",
    "email": "clacky6l@google.pl",
    "gender": "Female",
    "ip_address": "243.200.109.250",
    "organization": "Macoven Pharmaceuticals"
  },
  {
    "id": 266,
    "first_name": "Maynard",
    "last_name": "Core",
    "email": "mcore7d@dailymail.co.uk",
    "gender": "Male",
    "ip_address": "244.80.234.67",
    "organization": "Apotex Corp."
  },
  {
    "id": 280,
    "first_name": "Charlene",
    "last_name": "Bagge",
    "email": "cbagge7r@xinhuanet.com",
    "gender": "Female",
    "ip_address": "242.84.134.71",
    "organization": "Ascend Laboratories, LLC"
  },
  {
    "id": 288,
    "first_name": "Trent",
    "last_name": "Pycock",
    "email": "tpycock7z@wikia.com",
    "gender": "Male",
    "ip_address": "250.79.213.97",
    "organization": "Smith & Nephew, Inc."
  },
  {
    "id": 298,
    "first_name": "Kaitlyn",
    "last_name": "Deinert",
    "email": "kdeinert89@nba.com",
    "gender": "Female",
    "ip_address": "240.245.197.223",
    "organization": "SAFEWAY INC"
  },
  {
    "id": 299,
    "first_name": "Colet",
    "last_name": "Snoday",
    "email": "csnoday8a@paginegialle.it",
    "gender": "Male",
    "ip_address": "255.37.9.103",
    "organization": "REMEDYREPACK INC."
  },
  {
    "id": 300,
    "first_name": "Claudius",
    "last_name": "Gunter",
    "email": "cgunter8b@adobe.com",
    "gender": "Male",
    "ip_address": "243.159.125.110",
    "organization": "Apotheca Inc"
  },
  {
    "id": 312,
    "first_name": "Noellyn",
    "last_name": "Fairhurst",
    "email": "nfairhurst8n@epa.gov",
    "gender": "Female",
    "ip_address": "241.81.200.116",
    "organization": "Jets, Sets, & Elephants Beauty Corp."
  },
  {
    "id": 325,
    "first_name": "Dora",
    "last_name": "Skippen",
    "email": "dskippen90@qq.com",
    "gender": "Female",
    "ip_address": "245.217.56.160",
    "organization": "L. Perrigo Company"
  },
  {
    "id": 334,
    "first_name": "Katleen",
    "last_name": "Paulley",
    "email": "kpaulley99@vk.com",
    "gender": "Female",
    "ip_address": "255.69.152.159",
    "organization": "Guerlain"
  },
  {
    "id": 358,
    "first_name": "Jaquenette",
    "last_name": "Bysh",
    "email": "jbysh9x@tuttocitta.it",
    "gender": "Female",
    "ip_address": "242.20.135.196",
    "organization": "Wal-Mart Stores Inc."
  },
  {
    "id": 360,
    "first_name": "Hasty",
    "last_name": "Lenard",
    "email": "hlenard9z@prlog.org",
    "gender": "Male",
    "ip_address": "251.110.98.36",
    "organization": "Kremers Urban Pharmaceuticals Inc."
  },
  {
    "id": 391,
    "first_name": "Bar",
    "last_name": "Milington",
    "email": "bmilingtonau@dailymotion.com",
    "gender": "Male",
    "ip_address": "243.200.165.126",
    "organization": "Fresenius Kabi USA, LLC"
  },
  {
    "id": 393,
    "first_name": "Skipton",
    "last_name": "Gleed",
    "email": "sgleedaw@gmpg.org",
    "gender": "Male",
    "ip_address": "250.167.230.161",
    "organization": "General Injectables & Vaccines, Inc"
  },
  {
    "id": 398,
    "first_name": "Hyatt",
    "last_name": "Ilyuchyov",
    "email": "hilyuchyovb1@github.com",
    "gender": "Male",
    "ip_address": "253.117.31.5",
    "organization": "B&K Prescription Shop"
  },
  {
    "id": 426,
    "first_name": "Alphonso",
    "last_name": "Gaish",
    "email": "agaishbt@last.fm",
    "gender": "Male",
    "ip_address": "242.170.199.121",
    "organization": "St Marys Medical Park Pharmacy"
  },
  {
    "id": 428,
    "first_name": "Geraldine",
    "last_name": "Storms",
    "email": "gstormsbv@hao123.com",
    "gender": "Female",
    "ip_address": "252.158.96.44",
    "organization": "KANEBO COSMETICS INC"
  },
  {
    "id": 442,
    "first_name": "Nial",
    "last_name": "Ditch",
    "email": "nditchc9@independent.co.uk",
    "gender": "Male",
    "ip_address": "246.60.122.136",
    "organization": "Laboratorios Dr. Collado, C x A."
  },
  {
    "id": 463,
    "first_name": "Leoine",
    "last_name": "Widmore",
    "email": "lwidmorecu@flavors.me",
    "gender": "Female",
    "ip_address": "255.180.139.84",
    "organization": "Boehringer Ingelheim Pharmaceuticals, Inc."
  },
  {
    "id": 471,
    "first_name": "Brenda",
    "last_name": "Care",
    "email": "bcared2@artisteer.com",
    "gender": "Female",
    "ip_address": "247.84.112.172",
    "organization": "Ranbaxy Pharmaceuticals Inc."
  },
  {
    "id": 486,
    "first_name": "Beale",
    "last_name": "McInerney",
    "email": "bmcinerneydh@businessinsider.com",
    "gender": "Male",
    "ip_address": "254.192.28.154",
    "organization": "Neutrogena Corporation"
  },
  {
    "id": 491,
    "first_name": "Sara-ann",
    "last_name": "Behn",
    "email": "sbehndm@shop-pro.jp",
    "gender": "Female",
    "ip_address": "253.50.100.27",
    "organization": "L'Oreal USA Products Inc"
  },
  {
    "id": 503,
    "first_name": "Brod",
    "last_name": "O'Connell",
    "email": "boconnelldy@skyrock.com",
    "gender": "Male",
    "ip_address": "242.33.34.2",
    "organization": "Ningbo Meiduo General Products Co., Ltd"
  },
  {
    "id": 506,
    "first_name": "Rozalie",
    "last_name": "Reynault",
    "email": "rreynaulte1@alibaba.com",
    "gender": "Female",
    "ip_address": "250.104.151.197",
    "organization": "Colgate-Palmolive"
  },
  {
    "id": 540,
    "first_name": "Edd",
    "last_name": "Jeacocke",
    "email": "ejeacockeez@amazonaws.com",
    "gender": "Male",
    "ip_address": "247.211.228.84",
    "organization": "Apotheca Company"
  },
  {
    "id": 550,
    "first_name": "Vincenz",
    "last_name": "Fernao",
    "email": "vfernaof9@flickr.com",
    "gender": "Bigender",
    "ip_address": "252.103.99.124",
    "organization": "Avon Products, Inc."
  },
  {
    "id": 580,
    "first_name": "Joyce",
    "last_name": "Platts",
    "email": "jplattsg3@europa.eu",
    "gender": "Female",
    "ip_address": "253.66.194.167",
    "organization": "sanofi-aventis U.S. LLC"
  },
  {
    "id": 642,
    "first_name": "Enos",
    "last_name": "Jarrelt",
    "email": "ejarreltht@state.tx.us",
    "gender": "Male",
    "ip_address": "240.44.145.78",
    "organization": "C.B. Fleet Company, Inc."
  },
  {
    "id": 678,
    "first_name": "Audre",
    "last_name": "Strick",
    "email": "astrickit@bloglovin.com",
    "gender": "Genderqueer",
    "ip_address": "250.128.213.30",
    "organization": "Lake Erie Medical & Surgical Supply DBA Quality Care Products LLC"
  },
  {
    "id": 725,
    "first_name": "Erena",
    "last_name": "Cartmell",
    "email": "ecartmellk4@newsvine.com",
    "gender": "Female",
    "ip_address": "252.162.192.101",
    "organization": "American Health Packaging"
  },
  {
    "id": 747,
    "first_name": "Erl",
    "last_name": "Sevin",
    "email": "esevinkq@twitter.com",
    "gender": "Male",
    "ip_address": "246.175.123.81",
    "organization": "AvPAK"
  },
  {
    "id": 752,
    "first_name": "Annadiana",
    "last_name": "Piaggia",
    "email": "apiaggiakv@state.tx.us",
    "gender": "Female",
    "ip_address": "245.212.135.231",
    "organization": "Physicians Formula Inc"
  },
  {
    "id": 760,
    "first_name": "Chaddie",
    "last_name": "Scottesmoor",
    "email": "cscottesmoorl3@123-reg.co.uk",
    "gender": "Male",
    "ip_address": "240.77.225.15",
    "organization": "King Bio Inc."
  },
  {
    "id": 764,
    "first_name": "Chick",
    "last_name": "Grent",
    "email": "cgrentl7@walmart.com",
    "gender": "Male",
    "ip_address": "254.255.252.80",
    "organization": "Par Pharmaceutical, Inc."
  },
  {
    "id": 773,
    "first_name": "Junia",
    "last_name": "Allsopp",
    "email": "jallsopplg@csmonitor.com",
    "gender": "Genderfluid",
    "ip_address": "243.238.185.193",
    "organization": "Pharmadel LLC"
  },
  {
    "id": 774,
    "first_name": "Kaleena",
    "last_name": "Tollady",
    "email": "ktolladylh@ca.gov",
    "gender": "Female",
    "ip_address": "254.20.135.214",
    "organization": "REMEDYREPACK INC."
  },
  {
    "id": 811,
    "first_name": "Avie",
    "last_name": "McKinless",
    "email": "amckinlessmi@gmpg.org",
    "gender": "Female",
    "ip_address": "243.72.98.253",
    "organization": "Guthy-Renker LLC"
  },
  {
    "id": 812,
    "first_name": "Jabez",
    "last_name": "Girardy",
    "email": "jgirardymj@example.com",
    "gender": "Male",
    "ip_address": "249.213.222.46",
    "organization": "Shopko Stores Operating Co., LLC"
  },
  {
    "id": 816,
    "first_name": "Gran",
    "last_name": "Gunnell",
    "email": "ggunnellmn@cdbaby.com",
    "gender": "Male",
    "ip_address": "255.72.138.111",
    "organization": "Watson Pharma, Inc."
  },
  {
    "id": 831,
    "first_name": "Bone",
    "last_name": "Lambin",
    "email": "blambinn2@altervista.org",
    "gender": "Male",
    "ip_address": "250.162.31.189",
    "organization": "Teva Pharmaceuticals USA Inc"
  },
  {
    "id": 870,
    "first_name": "Cam",
    "last_name": "Dissman",
    "email": "cdissmano5@berkeley.edu",
    "gender": "Female",
    "ip_address": "248.163.59.246",
    "organization": "Torrent Pharmaceuticals Limited"
  },
  {
    "id": 919,
    "first_name": "Raynard",
    "last_name": "Schwartz",
    "email": "rschwartzpi@php.net",
    "gender": "Male",
    "ip_address": "248.12.65.25",
    "organization": "Ecolab Inc."
  },
  {
    "id": 981,
    "first_name": "Fredra",
    "last_name": "Eliesco",
    "email": "feliescor8@t.co",
    "gender": "Female",
    "ip_address": "250.121.208.213",
    "organization": "Allergy Laboratories, Inc."
  }
]