[
  {
    "id": 1,
    "first_name": "Llewellyn",
    "last_name": "Hesbrook",
    "email": "lhesbrook0@time.com",
    "gender": "Male",
    "ip_address": "89.115.37.82"
  },
  {
    "id": 2,
    "first_name": "Minetta",
    "last_name": "Clearie",
    "email": "mclearie1@apple.com",
    "gender": "Female",
    "ip_address": "59.189.15.83"
  },
  {
    "id": 3,
    "first_name": "Rhiamon",
    "last_name": "Pykerman",
    "email": "rpykerman2@infoseek.co.jp",
    "gender": "Female",
    "ip_address": "107.218.211.118"
  },
  {
    "id": 4,
    "first_name": "Ora",
    "last_name": "McCarty",
    "email": "omccarty3@geocities.jp",
    "gender": "Female",
    "ip_address": "15.87.19.141"
  },
  {
    "id": 5,
    "first_name": "Billi",
    "last_name": "Anglim",
    "email": "banglim4@nymag.com",
    "gender": "Female",
    "ip_address": "56.156.229.234"
  },
  {
    "id": 6,
    "first_name": "Upton",
    "last_name": "Inkpen",
    "email": "uinkpen5@google.nl",
    "gender": "Male",
    "ip_address": "35.79.249.164"
  },
  {
    "id": 7,
    "first_name": "Fayth",
    "last_name": "Flavelle",
    "email": "fflavelle6@google.es",
    "gender": "Female",
    "ip_address": "48.187.125.211"
  },
  {
    "id": 8,
    "first_name": "Blakeley",
    "last_name": "Brashaw",
    "email": "bbrashaw7@nature.com",
    "gender": "Female",
    "ip_address": "198.242.6.102"
  },
  {
    "id": 9,
    "first_name": "Dacie",
    "last_name": "Jura",
    "email": "djura8@admin.ch",
    "gender": "Female",
    "ip_address": "140.175.219.230"
  },
  {
    "id": 10,
    "first_name": "Francesco",
    "last_name": "Teodori",
    "email": "fteodori9@virginia.edu",
    "gender": "Male",
    "ip_address": "127.0.170.215"
  },
  {
    "id": 11,
    "first_name": "Karalynn",
    "last_name": "Van Castele",
    "email": "kvancastelea@prlog.org",
    "gender": "Female",
    "ip_address": "106.220.166.27"
  },
  {
    "id": 12,
    "first_name": "Niko",
    "last_name": "Blaksland",
    "email": "nblakslandb@github.io",
    "gender": "Male",
    "ip_address": "191.32.106.50"
  },
  {
    "id": 13,
    "first_name": "Dasie",
    "last_name": "Ethington",
    "email": "dethingtonc@issuu.com",
    "gender": "Female",
    "ip_address": "27.168.90.169"
  },
  {
    "id": 14,
    "first_name": "Nadia",
    "last_name": "Levene",
    "email": "nlevened@netscape.com",
    "gender": "Female",
    "ip_address": "202.213.217.109"
  },
  {
    "id": 15,
    "first_name": "Kimberli",
    "last_name": "Dingle",
    "email": "kdinglee@independent.co.uk",
    "gender": "Female",
    "ip_address": "240.140.100.127"
  },
  {
    "id": 16,
    "first_name": "Abigail",
    "last_name": "Wife",
    "email": "awifef@ow.ly",
    "gender": "Female",
    "ip_address": "211.56.148.153"
  },
  {
    "id": 17,
    "first_name": "Celine",
    "last_name": "Tafani",
    "email": "ctafanig@wikipedia.org",
    "gender": "Non-binary",
    "ip_address": "190.137.79.192"
  },
  {
    "id": 18,
    "first_name": "Katya",
    "last_name": "Brunesco",
    "email": "kbrunescoh@unicef.org",
    "gender": "Female",
    "ip_address": "21.133.219.197"
  },
  {
    "id": 19,
    "first_name": "Dionysus",
    "last_name": "Seine",
    "email": "dseinei@jigsy.com",
    "gender": "Male",
    "ip_address": "132.111.172.40"
  },
  {
    "id": 20,
    "first_name": "Tobey",
    "last_name": "Heinonen",
    "email": "theinonenj@parallels.com",
    "gender": "Female",
    "ip_address": "81.111.129.213"
  },
  {
    "id": 21,
    "first_name": "Harrietta",
    "last_name": "Vivers",
    "email": "hviversk@nps.gov",
    "gender": "Female",
    "ip_address": "168.153.90.16"
  },
  {
    "id": 22,
    "first_name": "Avictor",
    "last_name": "Andrusov",
    "email": "aandrusovl@163.com",
    "gender": "Male",
    "ip_address": "132.45.147.239"
  },
  {
    "id": 23,
    "first_name": "Brian",
    "last_name": "Uttermare",
    "email": "buttermarem@taobao.com",
    "gender": "Male",
    "ip_address": "11.7.26.214"
  },
  {
    "id": 24,
    "first_name": "Gus",
    "last_name": "Ginnaly",
    "email": "gginnalyn@unblog.fr",
    "gender": "Female",
    "ip_address": "20.155.50.3"
  },
  {
    "id": 25,
    "first_name": "Lombard",
    "last_name": "Januszewicz",
    "email": "ljanuszewiczo@google.com.br",
    "gender": "Male",
    "ip_address": "173.234.76.136"
  },
  {
    "id": 26,
    "first_name": "Elfrieda",
    "last_name": "Matherson",
    "email": "emathersonp@scribd.com",
    "gender": "Female",
    "ip_address": "26.101.223.107"
  },
  {
    "id": 27,
    "first_name": "Shanda",
    "last_name": "Harriott",
    "email": "sharriottq@deliciousdays.com",
    "gender": "Female",
    "ip_address": "159.200.219.202"
  },
  {
    "id": 28,
    "first_name": "Ado",
    "last_name": "Savil",
    "email": "asavilr@devhub.com",
    "gender": "Non-binary",
    "ip_address": "28.144.92.171"
  },
  {
    "id": 29,
    "first_name": "Karoly",
    "last_name": "Gotter",
    "email": "kgotters@ocn.ne.jp",
    "gender": "Male",
    "ip_address": "203.250.199.15"
  },
  {
    "id": 30,
    "first_name": "Abbot",
    "last_name": "Frankish",
    "email": "afrankisht@goodreads.com",
    "gender": "Male",
    "ip_address": "198.117.15.114"
  },
  {
    "id": 31,
    "first_name": "Toma",
    "last_name": "Stallworthy",
    "email": "tstallworthyu@edublogs.org",
    "gender": "Female",
    "ip_address": "102.172.179.2"
  },
  {
    "id": 32,
    "first_name": "Averell",
    "last_name": "Vellender",
    "email": "avellenderv@marketwatch.com",
    "gender": "Male",
    "ip_address": "185.160.45.47"
  },
  {
    "id": 33,
    "first_name": "Jeff",
    "last_name": "D'Alesco",
    "email": "jdalescow@stumbleupon.com",
    "gender": "Male",
    "ip_address": "85.25.254.218"
  },
  {
    "id": 34,
    "first_name": "Kippie",
    "last_name": "Coarser",
    "email": "kcoarserx@surveymonkey.com",
    "gender": "Male",
    "ip_address": "57.50.203.69"
  },
  {
    "id": 35,
    "first_name": "Jeramie",
    "last_name": "Darwent",
    "email": "jdarwenty@about.me",
    "gender": "Male",
    "ip_address": "162.58.178.13"
  },
  {
    "id": 36,
    "first_name": "Melita",
    "last_name": "Dorkin",
    "email": "mdorkinz@shareasale.com",
    "gender": "Female",
    "ip_address": "163.240.189.168"
  },
  {
    "id": 37,
    "first_name": "Anthe",
    "last_name": "Cracknall",
    "email": "acracknall10@dot.gov",
    "gender": "Female",
    "ip_address": "226.200.81.28"
  },
  {
    "id": 38,
    "first_name": "Boycey",
    "last_name": "Pickless",
    "email": "bpickless11@arstechnica.com",
    "gender": "Agender",
    "ip_address": "177.19.224.147"
  },
  {
    "id": 39,
    "first_name": "Forrester",
    "last_name": "Whatsize",
    "email": "fwhatsize12@cisco.com",
    "gender": "Male",
    "ip_address": "152.168.155.184"
  },
  {
    "id": 40,
    "first_name": "Gaye",
    "last_name": "Rennebeck",
    "email": "grennebeck13@cargocollective.com",
    "gender": "Female",
    "ip_address": "180.81.115.247"
  },
  {
    "id": 41,
    "first_name": "Mildred",
    "last_name": "Danielut",
    "email": "mdanielut14@photobucket.com",
    "gender": "Female",
    "ip_address": "107.231.111.162"
  },
  {
    "id": 42,
    "first_name": "Ray",
    "last_name": "Melchior",
    "email": "rmelchior15@princeton.edu",
    "gender": "Female",
    "ip_address": "245.94.193.130"
  },
  {
    "id": 43,
    "first_name": "Maurise",
    "last_name": "Chessman",
    "email": "mchessman16@springer.com",
    "gender": "Male",
    "ip_address": "134.145.7.216"
  },
  {
    "id": 44,
    "first_name": "Worthy",
    "last_name": "Steedman",
    "email": "wsteedman17@nsw.gov.au",
    "gender": "Male",
    "ip_address": "63.148.50.251"
  },
  {
    "id": 45,
    "first_name": "Tad",
    "last_name": "Hasslocher",
    "email": "thasslocher18@howstuffworks.com",
    "gender": "Agender",
    "ip_address": "108.190.40.130"
  },
  {
    "id": 46,
    "first_name": "Nicolas",
    "last_name": "McGeouch",
    "email": "nmcgeouch19@fastcompany.com",
    "gender": "Male",
    "ip_address": "211.18.233.25"
  },
  {
    "id": 47,
    "first_name": "Donnie",
    "last_name": "Bosden",
    "email": "dbosden1a@wix.com",
    "gender": "Female",
    "ip_address": "95.32.173.76"
  },
  {
    "id": 48,
    "first_name": "Jody",
    "last_name": "Tuminelli",
    "email": "jtuminelli1b@seattletimes.com",
    "gender": "Male",
    "ip_address": "242.198.168.202"
  },
  {
    "id": 49,
    "first_name": "Hodge",
    "last_name": "Fromant",
    "email": "hfromant1c@cbsnews.com",
    "gender": "Male",
    "ip_address": "34.60.185.90"
  },
  {
    "id": 50,
    "first_name": "Lauraine",
    "last_name": "MacMorland",
    "email": "lmacmorland1d@economist.com",
    "gender": "Female",
    "ip_address": "65.237.233.9"
  },
  {
    "id": 51,
    "first_name": "Joceline",
    "last_name": "di Rocca",
    "email": "jdirocca1e@narod.ru",
    "gender": "Female",
    "ip_address": "121.170.162.48"
  },
  {
    "id": 52,
    "first_name": "Kaylee",
    "last_name": "Paroni",
    "email": "kparoni1f@nydailynews.com",
    "gender": "Female",
    "ip_address": "245.130.158.203"
  },
  {
    "id": 53,
    "first_name": "Wilbert",
    "last_name": "Hawes",
    "email": "whawes1g@uol.com.br",
    "gender": "Male",
    "ip_address": "52.113.15.236"
  },
  {
    "id": 54,
    "first_name": "Florida",
    "last_name": "Lempertz",
    "email": "flempertz1h@slate.com",
    "gender": "Female",
    "ip_address": "75.229.185.53"
  },
  {
    "id": 55,
    "first_name": "Janeta",
    "last_name": "Garvill",
    "email": "jgarvill1i@drupal.org",
    "gender": "Female",
    "ip_address": "26.161.177.133"
  },
  {
    "id": 56,
    "first_name": "Susana",
    "last_name": "Seville",
    "email": "sseville1j@fotki.com",
    "gender": "Female",
    "ip_address": "106.99.12.53"
  },
  {
    "id": 57,
    "first_name": "Orelee",
    "last_name": "Leuren",
    "email": "oleuren1k@newyorker.com",
    "gender": "Female",
    "ip_address": "73.192.204.7"
  },
  {
    "id": 58,
    "first_name": "Lalo",
    "last_name": "Backshill",
    "email": "lbackshill1l@issuu.com",
    "gender": "Agender",
    "ip_address": "116.144.12.243"
  },
  {
    "id": 59,
    "first_name": "Theo",
    "last_name": "Milliere",
    "email": "tmilliere1m@wix.com",
    "gender": "Male",
    "ip_address": "30.16.186.177"
  },
  {
    "id": 60,
    "first_name": "Merrilee",
    "last_name": "Frensch",
    "email": "mfrensch1n@com.com",
    "gender": "Genderqueer",
    "ip_address": "234.158.222.123"
  },
  {
    "id": 61,
    "first_name": "Kristine",
    "last_name": "Couch",
    "email": "kcouch1o@cyberchimps.com",
    "gender": "Female",
    "ip_address": "7.199.226.101"
  },
  {
    "id": 62,
    "first_name": "Seana",
    "last_name": "Rubenovic",
    "email": "srubenovic1p@stanford.edu",
    "gender": "Female",
    "ip_address": "128.77.125.171"
  },
  {
    "id": 63,
    "first_name": "Christal",
    "last_name": "Sibbert",
    "email": "csibbert1q@washingtonpost.com",
    "gender": "Female",
    "ip_address": "76.213.72.149"
  },
  {
    "id": 64,
    "first_name": "Inger",
    "last_name": "Lahy",
    "email": "ilahy1r@reddit.com",
    "gender": "Male",
    "ip_address": "72.188.74.102"
  },
  {
    "id": 65,
    "first_name": "Jania",
    "last_name": "Geist",
    "email": "jgeist1s@diigo.com",
    "gender": "Female",
    "ip_address": "58.2.218.196"
  },
  {
    "id": 66,
    "first_name": "Dennis",
    "last_name": "Chaudrelle",
    "email": "dchaudrelle1t@fotki.com",
    "gender": "Male",
    "ip_address": "23.151.154.14"
  },
  {
    "id": 67,
    "first_name": "Arline",
    "last_name": "MacKniely",
    "email": "amackniely1u@hibu.com",
    "gender": "Non-binary",
    "ip_address": "125.114.87.12"
  },
  {
    "id": 68,
    "first_name": "Emalia",
    "last_name": "Karpets",
    "email": "ekarpets1v@patch.com",
    "gender": "Female",
    "ip_address": "107.88.118.30"
  },
  {
    "id": 69,
    "first_name": "Jilly",
    "last_name": "Durbin",
    "email": "jdurbin1w@163.com",
    "gender": "Female",
    "ip_address": "21.128.60.37"
  },
  {
    "id": 70,
    "first_name": "Gustavo",
    "last_name": "McCluskey",
    "email": "gmccluskey1x@goodreads.com",
    "gender": "Male",
    "ip_address": "121.92.56.144"
  },
  {
    "id": 71,
    "first_name": "Juditha",
    "last_name": "Saban",
    "email": "jsaban1y@ebay.co.uk",
    "gender": "Female",
    "ip_address": "72.226.169.244"
  },
  {
    "id": 72,
    "first_name": "Bernie",
    "last_name": "Cheng",
    "email": "bcheng1z@tripadvisor.com",
    "gender": "Genderqueer",
    "ip_address": "27.228.15.210"
  },
  {
    "id": 73,
    "first_name": "Rachelle",
    "last_name": "Comford",
    "email": "rcomford20@odnoklassniki.ru",
    "gender": "Female",
    "ip_address": "191.1.192.52"
  },
  {
    "id": 74,
    "first_name": "Edgar",
    "last_name": "Pennone",
    "email": "epennone21@xing.com",
    "gender": "Genderqueer",
    "ip_address": "91.157.111.206"
  },
  {
    "id": 75,
    "first_name": "Yovonnda",
    "last_name": "Seman",
    "email": "yseman22@prnewswire.com",
    "gender": "Agender",
    "ip_address": "82.226.196.72"
  },
  {
    "id": 76,
    "first_name": "Stanleigh",
    "last_name": "Bleesing",
    "email": "sbleesing23@odnoklassniki.ru",
    "gender": "Male",
    "ip_address": "86.249.220.24"
  },
  {
    "id": 77,
    "first_name": "Clementina",
    "last_name": "Chrystal",
    "email": "cchrystal24@gizmodo.com",
    "gender": "Female",
    "ip_address": "135.199.1.46"
  },
  {
    "id": 78,
    "first_name": "Shelba",
    "last_name": "Chantillon",
    "email": "schantillon25@ihg.com",
    "gender": "Female",
    "ip_address": "131.69.183.181"
  },
  {
    "id": 79,
    "first_name": "Priscella",
    "last_name": "Olligan",
    "email": "polligan26@businesswire.com",
    "gender": "Female",
    "ip_address": "159.193.82.63"
  },
  {
    "id": 80,
    "first_name": "Maison",
    "last_name": "Ioselevich",
    "email": "mioselevich27@t-online.de",
    "gender": "Male",
    "ip_address": "156.147.102.34"
  },
  {
    "id": 81,
    "first_name": "Cicily",
    "last_name": "McMillam",
    "email": "cmcmillam28@china.com.cn",
    "gender": "Female",
    "ip_address": "73.98.173.150"
  },
  {
    "id": 82,
    "first_name": "Gizela",
    "last_name": "Keach",
    "email": "gkeach29@aboutads.info",
    "gender": "Female",
    "ip_address": "234.220.87.40"
  },
  {
    "id": 83,
    "first_name": "Aili",
    "last_name": "Greguol",
    "email": "agreguol2a@ustream.tv",
    "gender": "Female",
    "ip_address": "122.254.161.51"
  },
  {
    "id": 84,
    "first_name": "Guenevere",
    "last_name": "Sporton",
    "email": "gsporton2b@ycombinator.com",
    "gender": "Female",
    "ip_address": "167.231.239.185"
  },
  {
    "id": 85,
    "first_name": "Lebbie",
    "last_name": "Robuchon",
    "email": "lrobuchon2c@ftc.gov",
    "gender": "Genderfluid",
    "ip_address": "89.37.8.208"
  },
  {
    "id": 86,
    "first_name": "Kora",
    "last_name": "Litherborough",
    "email": "klitherborough2d@zimbio.com",
    "gender": "Female",
    "ip_address": "188.28.8.86"
  },
  {
    "id": 87,
    "first_name": "Kelvin",
    "last_name": "Kitchin",
    "email": "kkitchin2e@stanford.edu",
    "gender": "Male",
    "ip_address": "81.77.172.208"
  },
  {
    "id": 88,
    "first_name": "Alford",
    "last_name": "Sidsaff",
    "email": "asidsaff2f@icq.com",
    "gender": "Agender",
    "ip_address": "241.239.157.133"
  },
  {
    "id": 89,
    "first_name": "Alverta",
    "last_name": "McGing",
    "email": "amcging2g@stanford.edu",
    "gender": "Female",
    "ip_address": "180.202.0.8"
  },
  {
    "id": 90,
    "first_name": "Katheryn",
    "last_name": "Cattrall",
    "email": "kcattrall2h@shutterfly.com",
    "gender": "Female",
    "ip_address": "222.175.24.147"
  },
  {
    "id": 91,
    "first_name": "Charlotta",
    "last_name": "Novill",
    "email": "cnovill2i@so-net.ne.jp",
    "gender": "Female",
    "ip_address": "56.185.155.79"
  },
  {
    "id": 92,
    "first_name": "Rochester",
    "last_name": "Saffrin",
    "email": "rsaffrin2j@usgs.gov",
    "gender": "Male",
    "ip_address": "140.238.100.109"
  },
  {
    "id": 93,
    "first_name": "Burg",
    "last_name": "Elleyne",
    "email": "belleyne2k@cmu.edu",
    "gender": "Male",
    "ip_address": "222.173.230.54"
  },
  {
    "id": 94,
    "first_name": "Jock",
    "last_name": "Cadore",
    "email": "jcadore2l@ibm.com",
    "gender": "Male",
    "ip_address": "221.248.228.124"
  },
  {
    "id": 95,
    "first_name": "Gustave",
    "last_name": "Morshead",
    "email": "gmorshead2m@umn.edu",
    "gender": "Male",
    "ip_address": "56.129.250.219"
  },
  {
    "id": 96,
    "first_name": "Towney",
    "last_name": "Cornelissen",
    "email": "tcornelissen2n@cdc.gov",
    "gender": "Male",
    "ip_address": "86.148.86.242"
  },
  {
    "id": 97,
    "first_name": "Jodi",
    "last_name": "Dimbleby",
    "email": "jdimbleby2o@ucoz.ru",
    "gender": "Male",
    "ip_address": "248.224.21.75"
  },
  {
    "id": 98,
    "first_name": "Mercy",
    "last_name": "Tobias",
    "email": "mtobias2p@etsy.com",
    "gender": "Non-binary",
    "ip_address": "12.242.233.104"
  },
  {
    "id": 99,
    "first_name": "Kimmi",
    "last_name": "Helks",
    "email": "khelks2q@examiner.com",
    "gender": "Female",
    "ip_address": "132.133.189.162"
  },
  {
    "id": 100,
    "first_name": "Mar",
    "last_name": "Micheli",
    "email": "mmicheli2r@jalbum.net",
    "gender": "Male",
    "ip_address": "37.255.88.237"
  }
]
