[
  {
    "id": 1,
    "first_name": "Fredric",
    "last_name": "Adkin",
    "email": "fadkin0@intel.com",
    "gender": "Male",
    "ip_address": "94.109.191.232"
  },
  {
    "id": 2,
    "first_name": "Linn",
    "last_name": "Giacobo",
    "email": "lgiacobo1@sogou.com",
    "gender": "Female",
    "ip_address": "4.57.163.255"
  },
  {
    "id": 3,
    "first_name": "Lukas",
    "last_name": "Greenroa",
    "email": "lgreenroa2@zdnet.com",
    "gender": "Male",
    "ip_address": "174.19.144.156"
  },
  {
    "id": 4,
    "first_name": "Jaime",
    "last_name": "Umney",
    "email": "jumney3@yale.edu",
    "gender": "Female",
    "ip_address": "93.124.8.122"
  },
  {
    "id": 5,
    "first_name": "Sandy",
    "last_name": "Leamy",
    "email": "sleamy4@pen.io",
    "gender": "Female",
    "ip_address": "120.37.140.39"
  },
  {
    "id": 6,
    "first_name": "Lula",
    "last_name": "Pozzo",
    "email": "lpozzo5@nih.gov",
    "gender": "Female",
    "ip_address": "140.3.80.129"
  },
  {
    "id": 7,
    "first_name": "Sonny",
    "last_name": "Hoodlass",
    "email": "shoodlass6@godaddy.com",
    "gender": "Male",
    "ip_address": "194.104.67.182"
  },
  {
    "id": 8,
    "first_name": "Walliw",
    "last_name": "Rossoni",
    "email": "wrossoni7@naver.com",
    "gender": "Female",
    "ip_address": "147.177.5.13"
  },
  {
    "id": 9,
    "first_name": "Nerty",
    "last_name": "Ailsbury",
    "email": "nailsbury8@biglobe.ne.jp",
    "gender": "Bigender",
    "ip_address": "16.189.57.131"
  },
  {
    "id": 10,
    "first_name": "Lorita",
    "last_name": "Atyeo",
    "email": "latyeo9@comcast.net",
    "gender": "Female",
    "ip_address": "165.64.101.206"
  },
  {
    "id": 11,
    "first_name": "Jerrie",
    "last_name": "Obey",
    "email": "jobeya@disqus.com",
    "gender": "Male",
    "ip_address": "10.31.33.26"
  },
  {
    "id": 12,
    "first_name": "Alecia",
    "last_name": "Birdsall",
    "email": "abirdsallb@disqus.com",
    "gender": "Female",
    "ip_address": "153.72.191.109"
  },
  {
    "id": 13,
    "first_name": "Enrico",
    "last_name": "Clemo",
    "email": "eclemoc@statcounter.com",
    "gender": "Male",
    "ip_address": "6.210.122.81"
  },
  {
    "id": 14,
    "first_name": "Dominik",
    "last_name": "Le Hucquet",
    "email": "dlehucquetd@t-online.de",
    "gender": "Male",
    "ip_address": "201.207.120.45"
  },
  {
    "id": 15,
    "first_name": "Selby",
    "last_name": "Ezele",
    "email": "sezelee@google.it",
    "gender": "Male",
    "ip_address": "102.143.156.36"
  },
  {
    "id": 16,
    "first_name": "Guillermo",
    "last_name": "Anten",
    "email": "gantenf@google.de",
    "gender": "Male",
    "ip_address": "239.224.150.24"
  },
  {
    "id": 17,
    "first_name": "Jessi",
    "last_name": "Abramovicz",
    "email": "jabramoviczg@tinyurl.com",
    "gender": "Genderfluid",
    "ip_address": "59.203.174.60"
  },
  {
    "id": 18,
    "first_name": "Caitrin",
    "last_name": "Killerby",
    "email": "ckillerbyh@so-net.ne.jp",
    "gender": "Female",
    "ip_address": "145.53.94.133"
  },
  {
    "id": 19,
    "first_name": "Vinson",
    "last_name": "Kopp",
    "email": "vkoppi@hc360.com",
    "gender": "Male",
    "ip_address": "47.206.243.18"
  },
  {
    "id": 20,
    "first_name": "Franzen",
    "last_name": "Brinsden",
    "email": "fbrinsdenj@twitpic.com",
    "gender": "Male",
    "ip_address": "218.135.62.115"
  },
  {
    "id": 21,
    "first_name": "Vittoria",
    "last_name": "Dodshon",
    "email": "vdodshonk@mit.edu",
    "gender": "Female",
    "ip_address": "248.33.2.165"
  },
  {
    "id": 22,
    "first_name": "Bernetta",
    "last_name": "Domke",
    "email": "bdomkel@ucoz.com",
    "gender": "Female",
    "ip_address": "121.117.116.125"
  },
  {
    "id": 23,
    "first_name": "Faydra",
    "last_name": "Camerana",
    "email": "fcameranam@barnesandnoble.com",
    "gender": "Non-binary",
    "ip_address": "67.168.145.139"
  },
  {
    "id": 24,
    "first_name": "Sibeal",
    "last_name": "Callacher",
    "email": "scallachern@about.com",
    "gender": "Female",
    "ip_address": "56.207.142.254"
  },
  {
    "id": 25,
    "first_name": "Maximo",
    "last_name": "Battison",
    "email": "mbattisono@google.ru",
    "gender": "Agender",
    "ip_address": "18.40.253.37"
  },
  {
    "id": 26,
    "first_name": "Cynthea",
    "last_name": "Bools",
    "email": "cboolsp@creativecommons.org",
    "gender": "Female",
    "ip_address": "198.82.180.77"
  },
  {
    "id": 27,
    "first_name": "Christie",
    "last_name": "Kiehl",
    "email": "ckiehlq@nature.com",
    "gender": "Female",
    "ip_address": "39.126.27.155"
  },
  {
    "id": 28,
    "first_name": "Tabor",
    "last_name": "Phelit",
    "email": "tphelitr@fema.gov",
    "gender": "Male",
    "ip_address": "151.255.126.154"
  },
  {
    "id": 29,
    "first_name": "Floyd",
    "last_name": "Clutram",
    "email": "fclutrams@wufoo.com",
    "gender": "Genderqueer",
    "ip_address": "198.183.160.252"
  },
  {
    "id": 30,
    "first_name": "Sophi",
    "last_name": "Ragg",
    "email": "sraggt@google.co.uk",
    "gender": "Female",
    "ip_address": "17.99.239.72"
  },
  {
    "id": 31,
    "first_name": "Zach",
    "last_name": "Eddis",
    "email": "zeddisu@seesaa.net",
    "gender": "Male",
    "ip_address": "5.55.74.183"
  },
  {
    "id": 32,
    "first_name": "Ardra",
    "last_name": "Manna",
    "email": "amannav@g.co",
    "gender": "Female",
    "ip_address": "227.220.208.205"
  },
  {
    "id": 33,
    "first_name": "Kipp",
    "last_name": "Chillingworth",
    "email": "kchillingworthw@amazon.co.jp",
    "gender": "Male",
    "ip_address": "162.90.218.45"
  },
  {
    "id": 34,
    "first_name": "Katinka",
    "last_name": "Ortner",
    "email": "kortnerx@nature.com",
    "gender": "Female",
    "ip_address": "173.101.24.26"
  },
  {
    "id": 35,
    "first_name": "Catherin",
    "last_name": "Tapscott",
    "email": "ctapscotty@usa.gov",
    "gender": "Female",
    "ip_address": "10.181.43.4"
  },
  {
    "id": 36,
    "first_name": "Millisent",
    "last_name": "Rosenzveig",
    "email": "mrosenzveigz@buzzfeed.com",
    "gender": "Female",
    "ip_address": "181.89.179.89"
  },
  {
    "id": 37,
    "first_name": "Jess",
    "last_name": "Bosquet",
    "email": "jbosquet10@ucoz.ru",
    "gender": "Male",
    "ip_address": "187.36.52.17"
  },
  {
    "id": 38,
    "first_name": "Errol",
    "last_name": "Brosnan",
    "email": "ebrosnan11@unc.edu",
    "gender": "Male",
    "ip_address": "82.120.109.189"
  },
  {
    "id": 39,
    "first_name": "Shina",
    "last_name": "Polye",
    "email": "spolye12@posterous.com",
    "gender": "Female",
    "ip_address": "96.15.131.95"
  },
  {
    "id": 40,
    "first_name": "Angeli",
    "last_name": "Harvard",
    "email": "aharvard13@narod.ru",
    "gender": "Male",
    "ip_address": "95.200.163.30"
  },
  {
    "id": 41,
    "first_name": "Cathi",
    "last_name": "Garlette",
    "email": "cgarlette14@gmpg.org",
    "gender": "Female",
    "ip_address": "122.118.42.173"
  },
  {
    "id": 42,
    "first_name": "Arliene",
    "last_name": "Capun",
    "email": "acapun15@sbwire.com",
    "gender": "Non-binary",
    "ip_address": "156.129.7.162"
  },
  {
    "id": 43,
    "first_name": "Averill",
    "last_name": "Rolance",
    "email": "arolance16@reverbnation.com",
    "gender": "Male",
    "ip_address": "204.246.147.65"
  },
  {
    "id": 44,
    "first_name": "Jordan",
    "last_name": "Stormont",
    "email": "jstormont17@paginegialle.it",
    "gender": "Male",
    "ip_address": "111.45.106.134"
  },
  {
    "id": 45,
    "first_name": "Libbi",
    "last_name": "Tunna",
    "email": "ltunna18@instagram.com",
    "gender": "Bigender",
    "ip_address": "237.4.166.74"
  },
  {
    "id": 46,
    "first_name": "Cati",
    "last_name": "Marshfield",
    "email": "cmarshfield19@reuters.com",
    "gender": "Bigender",
    "ip_address": "50.24.202.223"
  },
  {
    "id": 47,
    "first_name": "Miriam",
    "last_name": "Spurret",
    "email": "mspurret1a@edublogs.org",
    "gender": "Female",
    "ip_address": "207.164.240.182"
  },
  {
    "id": 48,
    "first_name": "Kelila",
    "last_name": "Clow",
    "email": "kclow1b@yellowbook.com",
    "gender": "Female",
    "ip_address": "187.89.185.229"
  },
  {
    "id": 49,
    "first_name": "Elva",
    "last_name": "Janatka",
    "email": "ejanatka1c@globo.com",
    "gender": "Polygender",
    "ip_address": "196.228.84.36"
  },
  {
    "id": 50,
    "first_name": "Traci",
    "last_name": "Whorlton",
    "email": "twhorlton1d@globo.com",
    "gender": "Female",
    "ip_address": "139.28.29.44"
  },
  {
    "id": 51,
    "first_name": "Marmaduke",
    "last_name": "Jevons",
    "email": "mjevons1e@ycombinator.com",
    "gender": "Male",
    "ip_address": "235.34.183.221"
  },
  {
    "id": 52,
    "first_name": "Tedra",
    "last_name": "Burke",
    "email": "tburke1f@usda.gov",
    "gender": "Genderqueer",
    "ip_address": "51.235.42.191"
  },
  {
    "id": 53,
    "first_name": "Culver",
    "last_name": "Chartman",
    "email": "cchartman1g@cisco.com",
    "gender": "Male",
    "ip_address": "255.135.215.82"
  },
  {
    "id": 54,
    "first_name": "Torre",
    "last_name": "Gammel",
    "email": "tgammel1h@elpais.com",
    "gender": "Male",
    "ip_address": "63.119.177.193"
  },
  {
    "id": 55,
    "first_name": "Judye",
    "last_name": "Madle",
    "email": "jmadle1i@google.ru",
    "gender": "Female",
    "ip_address": "247.121.59.114"
  },
  {
    "id": 56,
    "first_name": "Carlin",
    "last_name": "Spadotto",
    "email": "cspadotto1j@ocn.ne.jp",
    "gender": "Female",
    "ip_address": "135.180.217.48"
  },
  {
    "id": 57,
    "first_name": "Roderic",
    "last_name": "Caro",
    "email": "rcaro1k@ebay.co.uk",
    "gender": "Polygender",
    "ip_address": "124.104.161.43"
  },
  {
    "id": 58,
    "first_name": "Barnett",
    "last_name": "Bartunek",
    "email": "bbartunek1l@mtv.com",
    "gender": "Male",
    "ip_address": "119.82.124.101"
  },
  {
    "id": 59,
    "first_name": "Tildi",
    "last_name": "Spalding",
    "email": "tspalding1m@gmpg.org",
    "gender": "Female",
    "ip_address": "119.200.229.14"
  },
  {
    "id": 60,
    "first_name": "Charlie",
    "last_name": "Shew",
    "email": "cshew1n@smugmug.com",
    "gender": "Male",
    "ip_address": "98.54.167.152"
  },
  {
    "id": 61,
    "first_name": "Ivar",
    "last_name": "McMichan",
    "email": "imcmichan1o@google.fr",
    "gender": "Polygender",
    "ip_address": "221.211.122.183"
  },
  {
    "id": 62,
    "first_name": "Sid",
    "last_name": "Foad",
    "email": "sfoad1p@etsy.com",
    "gender": "Male",
    "ip_address": "100.205.50.16"
  },
  {
    "id": 63,
    "first_name": "Ody",
    "last_name": "Richmond",
    "email": "orichmond1q@slashdot.org",
    "gender": "Male",
    "ip_address": "26.85.117.104"
  },
  {
    "id": 64,
    "first_name": "Jarid",
    "last_name": "Fairholme",
    "email": "jfairholme1r@dailymotion.com",
    "gender": "Male",
    "ip_address": "144.185.219.69"
  },
  {
    "id": 65,
    "first_name": "Lucy",
    "last_name": "Warnock",
    "email": "lwarnock1s@sfgate.com",
    "gender": "Female",
    "ip_address": "225.254.200.68"
  },
  {
    "id": 66,
    "first_name": "Traver",
    "last_name": "Bizley",
    "email": "tbizley1t@mozilla.org",
    "gender": "Polygender",
    "ip_address": "114.7.52.16"
  },
  {
    "id": 67,
    "first_name": "Patrick",
    "last_name": "Brou",
    "email": "pbrou1u@dagondesign.com",
    "gender": "Male",
    "ip_address": "208.203.182.205"
  },
  {
    "id": 68,
    "first_name": "Mada",
    "last_name": "Ludford",
    "email": "mludford1v@ihg.com",
    "gender": "Female",
    "ip_address": "167.239.125.132"
  },
  {
    "id": 69,
    "first_name": "Faina",
    "last_name": "Klemensiewicz",
    "email": "fklemensiewicz1w@geocities.com",
    "gender": "Female",
    "ip_address": "30.139.125.255"
  },
  {
    "id": 70,
    "first_name": "Trace",
    "last_name": "Diviney",
    "email": "tdiviney1x@dell.com",
    "gender": "Male",
    "ip_address": "151.51.19.69"
  },
  {
    "id": 71,
    "first_name": "Sadye",
    "last_name": "Ridley",
    "email": "sridley1y@163.com",
    "gender": "Female",
    "ip_address": "95.169.100.140"
  },
  {
    "id": 72,
    "first_name": "Melitta",
    "last_name": "Ebbers",
    "email": "mebbers1z@weebly.com",
    "gender": "Female",
    "ip_address": "132.121.145.203"
  },
  {
    "id": 73,
    "first_name": "Trueman",
    "last_name": "Eglaise",
    "email": "teglaise20@dot.gov",
    "gender": "Male",
    "ip_address": "181.167.166.226"
  },
  {
    "id": 74,
    "first_name": "Wayne",
    "last_name": "Smallpeice",
    "email": "wsmallpeice21@scribd.com",
    "gender": "Male",
    "ip_address": "237.31.120.49"
  },
  {
    "id": 75,
    "first_name": "Noby",
    "last_name": "Carlton",
    "email": "ncarlton22@nasa.gov",
    "gender": "Male",
    "ip_address": "158.230.31.112"
  },
  {
    "id": 76,
    "first_name": "Melita",
    "last_name": "Renn",
    "email": "mrenn23@washingtonpost.com",
    "gender": "Female",
    "ip_address": "242.74.234.167"
  },
  {
    "id": 77,
    "first_name": "Mord",
    "last_name": "Frissell",
    "email": "mfrissell24@bloglovin.com",
    "gender": "Male",
    "ip_address": "202.102.68.241"
  },
  {
    "id": 78,
    "first_name": "Osgood",
    "last_name": "Fardo",
    "email": "ofardo25@slideshare.net",
    "gender": "Male",
    "ip_address": "87.141.176.49"
  },
  {
    "id": 79,
    "first_name": "Kym",
    "last_name": "Trebilcock",
    "email": "ktrebilcock26@themeforest.net",
    "gender": "Female",
    "ip_address": "11.222.110.191"
  },
  {
    "id": 80,
    "first_name": "Rodrick",
    "last_name": "Martyntsev",
    "email": "rmartyntsev27@angelfire.com",
    "gender": "Male",
    "ip_address": "195.145.8.190"
  },
  {
    "id": 81,
    "first_name": "Anette",
    "last_name": "Gerg",
    "email": "agerg28@sogou.com",
    "gender": "Female",
    "ip_address": "205.154.226.180"
  },
  {
    "id": 82,
    "first_name": "Cindelyn",
    "last_name": "Stanier",
    "email": "cstanier29@sogou.com",
    "gender": "Female",
    "ip_address": "127.197.22.138"
  },
  {
    "id": 83,
    "first_name": "Charo",
    "last_name": "Peery",
    "email": "cpeery2a@com.com",
    "gender": "Female",
    "ip_address": "38.131.100.187"
  },
  {
    "id": 84,
    "first_name": "Sunny",
    "last_name": "Alderton",
    "email": "salderton2b@blogs.com",
    "gender": "Female",
    "ip_address": "113.167.190.239"
  },
  {
    "id": 85,
    "first_name": "Malynda",
    "last_name": "Dyne",
    "email": "mdyne2c@comsenz.com",
    "gender": "Female",
    "ip_address": "160.122.110.62"
  },
  {
    "id": 86,
    "first_name": "Shelby",
    "last_name": "Hambribe",
    "email": "shambribe2d@over-blog.com",
    "gender": "Female",
    "ip_address": "123.247.184.165"
  },
  {
    "id": 87,
    "first_name": "Adey",
    "last_name": "Charrington",
    "email": "acharrington2e@merriam-webster.com",
    "gender": "Female",
    "ip_address": "199.221.179.17"
  },
  {
    "id": 88,
    "first_name": "Daniel",
    "last_name": "Abele",
    "email": "dabele2f@multiply.com",
    "gender": "Male",
    "ip_address": "168.132.42.135"
  },
  {
    "id": 89,
    "first_name": "Alisander",
    "last_name": "Recke",
    "email": "arecke2g@behance.net",
    "gender": "Male",
    "ip_address": "65.199.174.228"
  },
  {
    "id": 90,
    "first_name": "Courtnay",
    "last_name": "Clapson",
    "email": "cclapson2h@geocities.jp",
    "gender": "Male",
    "ip_address": "232.189.152.108"
  },
  {
    "id": 91,
    "first_name": "Feodora",
    "last_name": "Rockwill",
    "email": "frockwill2i@globo.com",
    "gender": "Female",
    "ip_address": "21.15.251.100"
  },
  {
    "id": 92,
    "first_name": "Ardenia",
    "last_name": "Portlock",
    "email": "aportlock2j@histats.com",
    "gender": "Polygender",
    "ip_address": "187.250.191.231"
  },
  {
    "id": 93,
    "first_name": "Johanna",
    "last_name": "Goathrop",
    "email": "jgoathrop2k@google.ca",
    "gender": "Female",
    "ip_address": "18.147.31.14"
  },
  {
    "id": 94,
    "first_name": "Vite",
    "last_name": "MacRonald",
    "email": "vmacronald2l@google.ru",
    "gender": "Male",
    "ip_address": "3.185.124.187"
  },
  {
    "id": 95,
    "first_name": "Lois",
    "last_name": "Chellam",
    "email": "lchellam2m@cam.ac.uk",
    "gender": "Female",
    "ip_address": "41.19.33.161"
  },
  {
    "id": 96,
    "first_name": "Michaeline",
    "last_name": "Leebeter",
    "email": "mleebeter2n@macromedia.com",
    "gender": "Female",
    "ip_address": "234.93.237.68"
  },
  {
    "id": 97,
    "first_name": "Ring",
    "last_name": "Wych",
    "email": "rwych2o@themeforest.net",
    "gender": "Male",
    "ip_address": "148.143.162.221"
  },
  {
    "id": 98,
    "first_name": "Kendrick",
    "last_name": "Nisard",
    "email": "knisard2p@fda.gov",
    "gender": "Male",
    "ip_address": "48.210.14.74"
  },
  {
    "id": 99,
    "first_name": "Georgena",
    "last_name": "Arrundale",
    "email": "garrundale2q@icio.us",
    "gender": "Female",
    "ip_address": "49.232.29.194"
  },
  {
    "id": 100,
    "first_name": "Reggi",
    "last_name": "Spilsbury",
    "email": "rspilsbury2r@joomla.org",
    "gender": "Female",
    "ip_address": "88.45.8.37"
  }
]
